-- MySQL dump 10.13  Distrib 8.0.36, for Win64 (x86_64)
--
-- Host: localhost    Database: tpjava
-- ------------------------------------------------------
-- Server version	8.4.0

/*!40101 SET @OLD_CHARACTER_SET_CLIENT=@@CHARACTER_SET_CLIENT */;
/*!40101 SET @OLD_CHARACTER_SET_RESULTS=@@CHARACTER_SET_RESULTS */;
/*!40101 SET @OLD_COLLATION_CONNECTION=@@COLLATION_CONNECTION */;
/*!50503 SET NAMES utf8 */;
/*!40103 SET @OLD_TIME_ZONE=@@TIME_ZONE */;
/*!40103 SET TIME_ZONE='+00:00' */;
/*!40014 SET @OLD_UNIQUE_CHECKS=@@UNIQUE_CHECKS, UNIQUE_CHECKS=0 */;
/*!40014 SET @OLD_FOREIGN_KEY_CHECKS=@@FOREIGN_KEY_CHECKS, FOREIGN_KEY_CHECKS=0 */;
/*!40101 SET @OLD_SQL_MODE=@@SQL_MODE, SQL_MODE='NO_AUTO_VALUE_ON_ZERO' */;
/*!40111 SET @OLD_SQL_NOTES=@@SQL_NOTES, SQL_NOTES=0 */;

--
-- Table structure for table `association`
--

DROP TABLE IF EXISTS `association`;
/*!40101 SET @saved_cs_client     = @@character_set_client */;
/*!50503 SET character_set_client = utf8mb4 */;
CREATE TABLE `association` (
  `id` int NOT NULL AUTO_INCREMENT,
  `name` varchar(45) NOT NULL,
  `creation_date` date NOT NULL,
  `type` enum('NATIONAL','CONTINENTAL','INTERNATIONAL') NOT NULL DEFAULT 'NATIONAL',
  `continent` enum('AFRICA','ASIA','EUROPE','NORTH_AMERICA','OCEANIA','SOUTH_AMERICA') DEFAULT NULL,
  PRIMARY KEY (`id`),
  UNIQUE KEY `name_UNIQUE` (`name`)
) ENGINE=InnoDB AUTO_INCREMENT=20 DEFAULT CHARSET=utf8mb4 COLLATE=utf8mb4_0900_ai_ci;
/*!40101 SET character_set_client = @saved_cs_client */;

--
-- Dumping data for table `association`
--

LOCK TABLES `association` WRITE;
/*!40000 ALTER TABLE `association` DISABLE KEYS */;
INSERT INTO `association` VALUES (1,'AFA','1893-02-21','NATIONAL','SOUTH_AMERICA'),(3,'CONMEBOL','1916-07-09','CONTINENTAL','SOUTH_AMERICA'),(4,'CBF','1914-06-08','NATIONAL','SOUTH_AMERICA'),(6,'FIFA','1905-05-21','INTERNATIONAL',NULL),(9,'FA','1863-10-26','NATIONAL','EUROPE'),(10,'UEFA','1954-06-15','CONTINENTAL','EUROPE'),(12,'AFC','1954-05-08','CONTINENTAL','ASIA'),(15,'CAF','1957-02-08','CONTINENTAL','AFRICA'),(17,'LBPF','1977-08-23','NATIONAL','SOUTH_AMERICA'),(18,'FEF','1925-05-30','NATIONAL','SOUTH_AMERICA'),(19,'ANFP','1895-06-19','NATIONAL','SOUTH_AMERICA');
/*!40000 ALTER TABLE `association` ENABLE KEYS */;
UNLOCK TABLES;

--
-- Table structure for table `association_nationality`
--

DROP TABLE IF EXISTS `association_nationality`;
/*!40101 SET @saved_cs_client     = @@character_set_client */;
/*!50503 SET character_set_client = utf8mb4 */;
CREATE TABLE `association_nationality` (
  `id_association` int NOT NULL,
  `id_nationality` int NOT NULL,
  PRIMARY KEY (`id_association`,`id_nationality`),
  KEY `fk_assoc_nat_nationality` (`id_nationality`),
  CONSTRAINT `fk_assoc_nat_association` FOREIGN KEY (`id_association`) REFERENCES `association` (`id`) ON DELETE RESTRICT ON UPDATE RESTRICT,
  CONSTRAINT `fk_assoc_nat_nationality` FOREIGN KEY (`id_nationality`) REFERENCES `nationality` (`id`) ON DELETE RESTRICT ON UPDATE RESTRICT
) ENGINE=InnoDB DEFAULT CHARSET=utf8mb4 COLLATE=utf8mb4_0900_ai_ci;
/*!40101 SET character_set_client = @saved_cs_client */;

--
-- Dumping data for table `association_nationality`
--

LOCK TABLES `association_nationality` WRITE;
/*!40000 ALTER TABLE `association_nationality` DISABLE KEYS */;
INSERT INTO `association_nationality` VALUES (1,1),(3,1),(6,1),(3,4),(4,4),(6,4),(3,5),(6,5),(19,5),(3,7),(6,7),(3,10),(6,10),(6,11),(10,11),(6,12),(9,12),(10,12),(6,13),(12,13),(6,14),(15,14),(3,16),(17,17),(18,18),(6,20);
/*!40000 ALTER TABLE `association_nationality` ENABLE KEYS */;
UNLOCK TABLES;

--
-- Table structure for table `club`
--

DROP TABLE IF EXISTS `club`;
/*!40101 SET @saved_cs_client     = @@character_set_client */;
/*!50503 SET character_set_client = utf8mb4 */;
CREATE TABLE `club` (
  `id` int NOT NULL AUTO_INCREMENT,
  `name` varchar(45) NOT NULL,
  `foundation_date` date NOT NULL,
  `phone_number` varchar(45) NOT NULL,
  `email` varchar(45) NOT NULL,
  `badge_image` varchar(250) DEFAULT NULL,
  `budget` double unsigned NOT NULL,
  `id_stadium` int DEFAULT NULL,
  PRIMARY KEY (`id`),
  UNIQUE KEY `name_UNIQUE` (`name`),
  UNIQUE KEY `email_UNIQUE` (`email`),
  KEY `idx_club_stadium` (`id_stadium`),
  CONSTRAINT `fk_club_stadium` FOREIGN KEY (`id_stadium`) REFERENCES `stadium` (`id`) ON DELETE RESTRICT ON UPDATE CASCADE
) ENGINE=InnoDB AUTO_INCREMENT=49 DEFAULT CHARSET=utf8mb4 COLLATE=utf8mb4_0900_ai_ci;
/*!40101 SET character_set_client = @saved_cs_client */;

--
-- Dumping data for table `club`
--

LOCK TABLES `club` WRITE;
/*!40000 ALTER TABLE `club` DISABLE KEYS */;
INSERT INTO `club` VALUES (1,'Boca Juniors','1905-04-03','1157771200','socios@bocajuniors.com.ar','badge_CA Boca Juniors_escudo_boca.png',116000000,2),(5,'River Plate','1901-05-25','1147891157','socios@riverplate.com.ar','badge_CA River Plate_escudo_river.png',200000000,3),(9,'Rosario Central','1889-12-24','3414720080','socios@rosariocentral.com','badge_CA Rosario Central_escudo_central.png',6970000,6),(14,'Aldosivi','1913-04-01','3333333333','socios@aldosivi.com','badge_Aldosivi_escudo_aldosivi_3.png',5000000,99),(15,'Argentinos Juniors','1904-01-01','3333333333','socios@argentinosjuniors.com','badge_Argentinos Juniors_escudo_aaaj_2.png',5000000,100),(16,'Atlético Tucumán','1902-01-01','3333333333','socios@atleticotucuman.com','badge_Atlético Tucumán_escudo_at_tucuman_2.png',5000000,101),(17,'Banfield','1896-01-01','3333333333','socios@banfield.com','badge_Banfield_escudo_banfield_2.png',5000000,102),(18,'Barracas Central','1904-01-01','3333333333','socios@barracascentral.com','badge_Barracas Central_escudo_barracas_2.png',5000000,103),(19,'Belgrano','1905-01-01','3333333333','socios@belgrano.com','badge_Belgrano_escudo_belgrano_2.png',5000000,104),(20,'Central Córdoba (SdE)','1919-01-01','3333333333','socios@ccsde.com','badge_Central Córdoba (SdE)_escudo_ccsde_2.png',5000000,105),(21,'Defensa y Justicia','1935-01-01','3333333333','socios@defensayjusticia.com','badge_Defensa y Justicia_escudo_dyj_2.png',5000000,106),(22,'Riestra','1931-01-01','3333333333','socios@riestra.com','badge_Riestra_escudo_riestra_2.png',5000000,107),(23,'Estudiantes de La Plata','1905-01-01','3333333333','socios@estudiantesdelaplata.com','badge_Estudiantes de La Plata_escudo_edlp_2.png',5000000,108),(24,'Gimnasia y Esgrima de La Plata','1887-01-01','3333333333','socios@gimnasiayesgrimadelaplata.com','badge_Gimnasia y Esgrima de La Plata_escudo_gimnasia_2.svg',5000000,109),(25,'Godoy Cruz','1921-01-01','3333333333','socios@godoycruz.com','badge_Godoy Cruz_escudo_godoy_cruz_2.png',5000000,110),(26,'Huracán','1908-01-01','3333333333','socios@huracan.com','badge_Huracán_escudo_huracan_2.png',5000000,111),(27,'Independiente','1905-01-01','3333333333','socios@independiente.com','badge_Independiente_escudo_independiente_2.png',5000000,112),(28,'Independiente de Rivadavia','1913-01-01','3333333333','socios@independientederivadavia.com','badge_Independiente Rivadavia_escudo_independiente_rivadavia_2.png',5000000,113),(29,'Platense','1905-01-01','3333333333','socios@platense.com','badge_Platense_escudo_platense_2.png',5000000,114),(30,'Racing','1903-01-01','3333333333','socios@racing.com','badge_Racing_escudo_racing_2.png',5000000,115),(31,'San Lorenzo','1908-01-01','3333333333','socios@sanlorenzo.com','badge_San Lorenzo_escudo_casla_2.png',5000000,116),(32,'San Martín (San Juan)','1907-01-01','3333333333','socios@sanmartindesanjuan.com','badge_San Martín (San Juan)_escudo_smsj_2.png',5000000,117),(33,'Sarmiento','1911-01-01','3333333553','socios@sarmiento.com','badge_Sarmiento_escudo_sarmiento_2.png',5000000,118),(34,'Talleres','1924-09-08','3333333333','socios@talleres.com','badge_Talleres_escudo_talleres_2.png',5000000,119),(35,'Tigre','1902-01-01','3333333333','socios@tigre.com','badge_Tigre_escudo_tigre_2.svg',5000000,120),(36,'Unión','1907-01-01','3333333333','socios@union.com','badge_Unión_escudo_union_3.png',5000000,121),(37,'Vélez','1910-01-01','3333333333','socios@velez.com','badge_VÉLEZ_escudo_velez_2.png',5000000,10),(38,'Lanús','1915-01-03','3333333333','socios@lanus.com','badge_Lanús_escudo_lanus_2.png',5000000,12),(39,'Instituto','1918-08-08','3333333333','socios@instituto.com','badge_Instituto_escudo_instituto_2.png',5000000,119),(40,'Newell\'s','1903-11-03','3333333333','socios@newells.com','badge_Newell\'s_escudo_newells_2.png',5000000,14),(41,'Deportivo Madryn','1924-05-07','2804434802','socios@deportivomadryn.com','badge_Deportivo Madryn_deportivo_madryn.png',10000,123),(42,'Patronato','1914-02-01','3333333333','socios@patronato.com','badge_Patronato_escudo_patronato.png',1500,125),(46,'All Boys','1913-03-15','3333333333','socios@allboys.com','badge_ALL BOYS_escudo_all_boys.png',2000,124);
/*!40000 ALTER TABLE `club` ENABLE KEYS */;
UNLOCK TABLES;

--
-- Table structure for table `contract`
--

DROP TABLE IF EXISTS `contract`;
/*!40101 SET @saved_cs_client     = @@character_set_client */;
/*!50503 SET character_set_client = utf8mb4 */;
CREATE TABLE `contract` (
  `id` int NOT NULL AUTO_INCREMENT,
  `start_date` date NOT NULL,
  `end_date` date NOT NULL,
  `salary` decimal(10,2) NOT NULL,
  `release_clause` decimal(12,2) DEFAULT NULL,
  `release_date` date DEFAULT NULL,
  `id_person` int unsigned NOT NULL,
  `id_club` int NOT NULL,
  PRIMARY KEY (`id`),
  KEY `id_person` (`id_person`),
  KEY `id_club` (`id_club`),
  CONSTRAINT `contract_ibfk_1` FOREIGN KEY (`id_person`) REFERENCES `person` (`id`) ON DELETE RESTRICT ON UPDATE CASCADE,
  CONSTRAINT `contract_ibfk_2` FOREIGN KEY (`id_club`) REFERENCES `club` (`id`) ON DELETE RESTRICT ON UPDATE CASCADE
) ENGINE=InnoDB AUTO_INCREMENT=938 DEFAULT CHARSET=utf8mb4 COLLATE=utf8mb4_0900_ai_ci;
/*!40101 SET character_set_client = @saved_cs_client */;

--
-- Dumping data for table `contract`
--

LOCK TABLES `contract` WRITE;
/*!40000 ALTER TABLE `contract` DISABLE KEYS */;
INSERT INTO `contract` VALUES (1,'2024-07-06','2028-12-31',132000.00,2200000.00,NULL,48894558,5),(2,'2018-01-03','2026-12-31',420000.00,7000000.00,NULL,48894559,5),(3,'2025-01-15','2028-12-31',300000.00,5000000.00,NULL,48894560,5),(4,'2024-01-01','2028-12-31',240000.00,4000000.00,NULL,48894561,5),(5,'2019-08-01','2027-12-31',240000.00,4000000.00,NULL,48894562,5),(6,'2023-08-24','2026-12-31',228000.00,3800000.00,NULL,48894563,5),(7,'2025-07-24','2028-12-31',210000.00,3500000.00,NULL,48894564,5),(8,'2024-07-03','2026-06-30',78000.00,1300000.00,NULL,48894565,5),(9,'2024-08-05','2027-12-31',78000.00,1300000.00,NULL,48894566,5),(10,'2024-08-20','2027-12-31',120000.00,2000000.00,NULL,48894567,5),(11,'2015-09-10','2026-06-30',60000.00,1000000.00,NULL,48894568,5),(12,'2025-01-20','2028-12-31',300000.00,5000000.00,NULL,48894569,5),(13,'2024-08-09','2027-12-31',228000.00,3800000.00,NULL,48894570,5),(14,'2025-03-12','2028-12-31',480000.00,8000000.00,NULL,48894571,5),(15,'2025-01-03','2026-06-30',150000.00,2500000.00,NULL,48894572,5),(16,'2025-01-07','2027-12-31',282000.00,4700000.00,NULL,48894573,5),(17,'2025-07-24','2028-12-31',210000.00,3500000.00,NULL,48894574,5),(18,'2025-07-01','2026-12-31',150000.00,2500000.00,NULL,48894575,5),(19,'2025-07-17','2027-12-31',120000.00,2000000.00,NULL,48894576,5),(20,'2023-08-24','2026-12-31',60000.00,1000000.00,NULL,48894577,5),(21,'2023-01-01','2025-12-31',210000.00,3500000.00,NULL,48894578,5),(22,'2025-07-01','2026-12-31',180000.00,3000000.00,NULL,48894579,5),(23,'2024-08-15','2026-12-31',132000.00,2200000.00,NULL,48894580,5),(24,'2024-01-01','2026-12-31',72000.00,1200000.00,NULL,48894581,5),(25,'2025-07-11','2029-12-31',360000.00,6000000.00,NULL,48894582,5),(26,'2023-07-21','2027-12-31',360000.00,6000000.00,NULL,48894583,5),(27,'2025-01-17','2028-12-31',360000.00,6000000.00,NULL,48894584,5),(28,'2022-07-12','2025-12-31',168000.00,2800000.00,NULL,48894585,5),(29,'2024-01-01','2027-12-31',150000.00,2500000.00,NULL,48894586,5),(30,'2025-11-12','2028-12-31',150000.00,2500000.00,NULL,48894587,5),(31,'2022-02-08','2027-12-31',90000.00,1500000.00,NULL,48894588,1),(32,'2025-01-21','2026-12-31',420000.00,7000000.00,NULL,48894589,1),(33,'2020-08-20','2025-12-31',15000.00,250000.00,NULL,48894590,1),(34,'2025-06-10','2029-06-30',240000.00,4000000.00,NULL,48894591,1),(35,'2024-01-01','2029-12-31',240000.00,4000000.00,NULL,48894592,1),(36,'2025-01-16','2028-12-31',192000.00,3200000.00,NULL,48894593,1),(37,'2022-01-24','2027-12-31',300000.00,5000000.00,NULL,48894594,1),(38,'2024-01-08','2025-12-31',75000.00,1250000.00,NULL,48894595,1),(39,'2025-01-01','2029-12-31',60000.00,1000000.00,NULL,48894596,1),(40,'2024-01-31','2028-12-31',228000.00,3800000.00,NULL,48894597,1),(41,'2016-01-22','2025-12-31',120000.00,2000000.00,NULL,48894598,1),(42,'2024-08-30','2028-12-31',180000.00,3000000.00,NULL,48894599,1),(43,'2023-07-20','2027-12-31',90000.00,1500000.00,NULL,48894600,1),(44,'2021-07-31','2026-12-31',180000.00,3000000.00,NULL,48894601,1),(45,'2025-07-10','2028-12-31',300000.00,5000000.00,NULL,48894602,1),(46,'2024-01-01','2028-12-31',300000.00,5000000.00,NULL,48894603,1),(47,'2024-07-01','2028-12-31',240000.00,4000000.00,NULL,48894604,1),(48,'2024-08-14','2025-12-31',90000.00,1500000.00,NULL,48894605,1),(49,'2025-01-21','2027-12-31',540000.00,9000000.00,NULL,48894606,1),(50,'2025-01-01','2029-12-31',300000.00,5000000.00,NULL,48894607,1),(51,'2025-01-27','2028-12-31',300000.00,5000000.00,NULL,48894608,1),(52,'2025-01-17','2026-12-31',300000.00,5000000.00,NULL,48894609,1),(53,'2025-06-10','2028-12-31',210000.00,3500000.00,NULL,48894610,1),(54,'2025-01-01','2029-12-31',240000.00,4000000.00,NULL,48894611,1),(55,'2024-07-29','2028-12-31',420000.00,7000000.00,NULL,48894612,1),(56,'2024-01-22','2028-12-31',420000.00,7000000.00,NULL,48894613,1),(57,'2024-07-07','2028-12-31',240000.00,4000000.00,NULL,48894614,1),(58,'2025-01-23','2028-12-31',210000.00,3500000.00,NULL,48894615,1),(59,'2023-07-25','2027-12-31',180000.00,3000000.00,NULL,48894616,1),(60,'2020-07-01','2026-12-31',270000.00,4500000.00,NULL,48894617,1),(61,'2024-01-01','2027-12-31',390000.00,6500000.00,NULL,48894618,1),(62,'2024-07-07','2027-12-31',210000.00,3500000.00,NULL,48894619,1),(63,'2023-07-29','2026-12-31',300000.00,5000000.00,NULL,48894620,1),(64,'2024-01-09','2026-12-31',102000.00,1700000.00,NULL,48894621,30),(65,'2018-07-03','2025-12-31',240000.00,4000000.00,NULL,48894622,30),(66,'2025-01-01','2027-12-31',6000.00,100000.00,NULL,48894623,30),(67,'2024-01-26','2027-12-31',480000.00,8000000.00,NULL,48894624,30),(68,'2025-01-20','2027-12-31',480000.00,8000000.00,NULL,48894625,30),(69,'2023-08-22','2027-12-31',180000.00,3000000.00,NULL,48894626,30),(70,'2025-07-24','2028-12-31',138000.00,2300000.00,NULL,48894627,30),(71,'2023-07-01','2026-12-31',60000.00,1000000.00,NULL,48894628,30),(72,'2024-01-25','2026-12-31',420000.00,7000000.00,NULL,48894629,30),(73,'2025-08-10','2026-06-30',180000.00,3000000.00,NULL,48894630,30),(74,'2025-01-01','2029-12-31',6000.00,100000.00,NULL,48894631,30),(75,'2023-02-03','2028-12-31',180000.00,3000000.00,NULL,48894632,30),(76,'2022-01-01','2025-12-31',105000.00,1750000.00,NULL,48894633,30),(77,'2023-07-31','2027-12-31',360000.00,6000000.00,NULL,48894634,30),(78,'2022-01-13','2025-12-31',90000.00,1500000.00,NULL,48894635,30),(79,'2024-01-09','2025-12-31',360000.00,6000000.00,NULL,48894636,30),(80,'2025-07-01','2029-12-31',210000.00,3500000.00,NULL,48894637,30),(81,'2023-01-05','2027-12-31',660000.00,11000000.00,NULL,48894638,30),(82,'2025-03-12','2028-12-31',180000.00,3000000.00,NULL,48894639,30),(83,'2023-08-14','2026-12-31',168000.00,2800000.00,NULL,48894640,30),(84,'2024-07-19','2027-12-31',300000.00,5000000.00,NULL,48894641,30),(85,'2025-01-17','2028-12-31',102000.00,1700000.00,NULL,48894642,30),(86,'2025-01-17','2028-12-31',300000.00,5000000.00,NULL,48894643,30),(87,'2025-07-01','2029-12-31',240000.00,4000000.00,NULL,48894644,30),(88,'2024-01-01','2027-12-31',6000.00,100000.00,NULL,48894645,30),(89,'2025-07-06','2028-12-31',180000.00,3000000.00,NULL,48894646,30),(90,'2025-07-11','2029-12-31',132000.00,2200000.00,NULL,48894647,30),(91,'2024-01-06','2027-12-31',180000.00,3000000.00,NULL,48894648,30),(92,'2024-01-01','2027-12-31',180000.00,3000000.00,NULL,48894649,30),(93,'2024-01-06','2028-12-31',210000.00,3500000.00,NULL,48894650,30),(94,'2024-08-31','2025-12-31',90000.00,1500000.00,NULL,48894651,30),(95,'2025-07-11','2029-12-31',90000.00,1500000.00,NULL,48894652,30),(96,'2025-01-17','2027-12-31',480000.00,8000000.00,NULL,48894653,30),(97,'2023-01-01','2026-12-31',90000.00,1500000.00,NULL,48894654,27),(98,'2025-01-14','2025-12-31',135000.00,2250000.00,NULL,48894655,27),(99,'2025-07-24','2026-12-31',6000.00,100000.00,NULL,48894656,27),(100,'2025-07-01','2027-12-31',720000.00,12000000.00,NULL,48894657,27),(101,'2025-01-04','2027-12-31',90000.00,1500000.00,NULL,48894658,27),(102,'2025-01-01','2025-12-31',72000.00,1200000.00,NULL,48894659,27),(103,'2025-01-27','2027-12-31',480000.00,8000000.00,NULL,48894660,27),(104,'2025-07-24','2028-12-31',108000.00,1800000.00,NULL,48894661,27),(105,'2025-07-16','2026-12-31',480000.00,8000000.00,NULL,48894662,27),(106,'2025-01-01','2026-12-31',45000.00,750000.00,NULL,48894663,27),(107,'2025-07-06','2028-12-31',120000.00,2000000.00,NULL,48894664,27),(108,'2024-08-09','2027-12-31',90000.00,1500000.00,NULL,48894665,27),(109,'2025-01-20','2025-12-31',480000.00,8000000.00,NULL,48894666,27),(110,'2022-06-18','2026-12-31',420000.00,7000000.00,NULL,48894667,27),(111,'2024-08-10','2028-06-30',540000.00,9000000.00,NULL,48894668,27),(112,'2025-01-03','2026-12-31',90000.00,1500000.00,NULL,48894669,27),(113,'2023-08-09','2025-12-31',150000.00,2500000.00,NULL,48894670,27),(114,'2025-11-12','2027-12-31',30000.00,500000.00,NULL,48894671,27),(115,'2024-07-01','2027-12-31',150000.00,2500000.00,NULL,48894672,27),(116,'2025-01-01','2027-12-31',120000.00,2000000.00,NULL,48894673,27),(117,'2024-01-01','2027-12-31',150000.00,2500000.00,NULL,48894674,27),(118,'2025-07-06','2028-12-31',240000.00,4000000.00,NULL,48894675,27),(119,'2024-08-14','2027-12-31',210000.00,3500000.00,NULL,48894676,27),(120,'2025-08-06','2026-06-30',210000.00,3500000.00,NULL,48894677,27),(121,'2025-11-12','2027-12-31',30000.00,500000.00,NULL,48894678,27),(122,'2025-07-12','2027-12-31',132000.00,2200000.00,NULL,48894679,27),(123,'2024-01-01','2026-12-31',60000.00,1000000.00,NULL,48894680,27),(124,'2024-01-15','2028-12-31',228000.00,3800000.00,NULL,48894681,37),(125,'2025-07-17','2026-12-31',90000.00,1500000.00,NULL,48894682,37),(126,'2024-01-01','2027-12-31',75000.00,1250000.00,NULL,48894683,37),(127,'2024-01-08','2028-12-31',168000.00,2800000.00,NULL,48894684,37),(128,'2024-07-18','2027-12-31',162000.00,2700000.00,NULL,48894685,37),(129,'2025-07-06','2027-12-31',90000.00,1500000.00,NULL,48894686,37),(130,'2025-07-01','2026-12-31',6000.00,100000.00,NULL,48894687,37),(131,'2023-08-16','2028-12-31',78000.00,1300000.00,NULL,48894688,37),(132,'2023-01-01','2026-12-31',75000.00,1250000.00,NULL,48894689,37),(133,'2023-07-01','2027-12-31',180000.00,3000000.00,NULL,48894690,37),(134,'2025-01-01','2028-12-31',72000.00,1200000.00,NULL,48894691,37),(135,'2024-07-17','2027-12-31',420000.00,7000000.00,NULL,48894692,37),(136,'2025-01-01','2026-12-31',6000.00,100000.00,NULL,48894693,37),(137,'2025-01-30','2027-12-31',120000.00,2000000.00,NULL,48894694,37),(138,'2018-01-01','2026-12-31',420000.00,7000000.00,NULL,48894695,37),(139,'2025-01-27','2028-12-31',270000.00,4500000.00,NULL,48894696,37),(140,'2025-07-01','2028-12-31',420000.00,7000000.00,NULL,48894697,37),(141,'2025-07-24','2027-12-31',300000.00,5000000.00,NULL,48894698,37),(142,'2025-01-01','2027-12-31',45000.00,750000.00,NULL,48894699,37),(143,'2025-07-06','2027-12-31',210000.00,3500000.00,NULL,48894700,37),(144,'2025-01-31','2025-12-31',150000.00,2500000.00,NULL,48894701,37),(145,'2025-08-21','2026-12-31',60000.00,1000000.00,NULL,48894702,37),(146,'2023-07-01','2025-12-31',300000.00,5000000.00,NULL,48894703,37),(147,'2024-01-09','2025-12-31',90000.00,1500000.00,NULL,48894704,37),(148,'2024-08-06','2026-12-31',600000.00,10000000.00,NULL,48894705,37),(149,'2025-01-13','2025-12-31',150000.00,2500000.00,NULL,48894706,37),(150,'2023-08-11','2027-12-31',108000.00,1800000.00,NULL,48894707,37),(151,'2021-07-01','2026-12-31',120000.00,2000000.00,NULL,48894708,37),(152,'2023-08-08','2027-12-31',72000.00,1200000.00,NULL,48894709,37),(153,'2024-07-11','2027-12-31',360000.00,6000000.00,NULL,48894710,37),(154,'2025-07-01','2028-12-31',120000.00,2000000.00,NULL,48894711,37),(155,'2025-11-12','2028-12-31',30000.00,500000.00,NULL,48894712,37),(156,'2025-07-06','2026-12-31',480000.00,8000000.00,NULL,48894713,23),(157,'2024-01-01','2026-12-31',120000.00,2000000.00,NULL,48894714,23),(158,'2025-01-27','2028-12-31',150000.00,2500000.00,NULL,48894715,23),(159,'2024-07-01','2027-12-31',480000.00,8000000.00,NULL,48894716,23),(160,'2025-07-11','2027-06-30',240000.00,4000000.00,NULL,48894717,23),(161,'2023-01-01','2026-12-31',120000.00,2000000.00,NULL,48894718,23),(162,'2025-01-01','2027-12-31',120000.00,2000000.00,NULL,48894719,23),(163,'2025-02-22','2025-12-31',75000.00,1250000.00,NULL,48894720,23),(164,'2024-07-25','2027-12-31',120000.00,2000000.00,NULL,48894721,23),(165,'2023-01-01','2026-12-31',108000.00,1800000.00,NULL,48894722,23),(166,'2024-01-03','2027-12-31',120000.00,2000000.00,NULL,48894723,23),(167,'2024-08-10','2027-12-31',240000.00,4000000.00,NULL,48894724,23),(168,'2023-07-01','2026-12-31',420000.00,7000000.00,NULL,48894725,23),(169,'2024-07-20','2027-12-31',120000.00,2000000.00,NULL,48894726,23),(170,'2025-01-28','2028-12-31',60000.00,1000000.00,NULL,48894727,23),(171,'2025-01-18','2029-12-31',480000.00,8000000.00,NULL,48894728,23),(172,'2025-01-07','2026-12-31',90000.00,1500000.00,NULL,48894729,23),(173,'2025-07-01','2028-12-31',300000.00,5000000.00,NULL,48894730,23),(174,'2025-11-12','2027-12-31',6000.00,100000.00,NULL,48894731,23),(175,'2025-01-31','2028-12-31',180000.00,3000000.00,NULL,48894732,23),(176,'2022-08-09','2025-12-31',60000.00,1000000.00,NULL,48894733,23),(177,'2024-01-31','2026-12-31',132000.00,2200000.00,NULL,48894734,23),(178,'2024-07-01','2026-12-31',120000.00,2000000.00,NULL,48894735,23),(179,'2024-02-09','2027-12-31',270000.00,4500000.00,NULL,48894736,23),(180,'2025-08-04','2025-12-31',150000.00,2500000.00,NULL,48894737,23),(181,'2025-01-01','2027-12-31',60000.00,1000000.00,NULL,48894738,23),(182,'2025-01-15','2026-12-31',240000.00,4000000.00,NULL,48894739,23),(183,'2023-01-10','2026-12-31',210000.00,3500000.00,NULL,48894740,23),(184,'2025-07-01','2026-06-30',225000.00,3750000.00,'2025-11-12',48894741,9),(185,'2021-02-10','2025-12-31',75000.00,1250000.00,NULL,48894742,9),(186,'2024-01-01','2025-12-31',6000.00,100000.00,NULL,48894743,9),(187,'2024-07-01','2027-12-31',180000.00,3000000.00,NULL,48894744,9),(188,'2024-01-01','2026-12-31',102000.00,1700000.00,NULL,48894745,9),(189,'2022-02-18','2026-12-31',360000.00,6000000.00,NULL,48894746,9),(190,'2023-01-01','2025-12-31',60000.00,1000000.00,NULL,48894747,9),(191,'2023-08-21','2027-12-31',150000.00,2500000.00,NULL,48894748,9),(192,'2025-01-06','2025-12-31',180000.00,3000000.00,NULL,48894749,9),(193,'2024-02-07','2026-12-31',162000.00,2700000.00,NULL,48894750,9),(194,'2025-01-20','2027-12-31',210000.00,3500000.00,'2025-11-26',48894751,9),(195,'2025-01-26','2027-12-31',138000.00,2300000.00,NULL,48894752,9),(196,'2023-07-01','2026-12-31',90000.00,1500000.00,NULL,48894753,9),(197,'2025-01-13','2025-12-31',330000.00,5500000.00,NULL,48894754,9),(198,'2022-06-25','2025-12-31',240000.00,4000000.00,NULL,48894755,9),(199,'2025-01-01','2026-12-31',150000.00,2500000.00,NULL,48894756,9),(200,'2019-06-05','2026-12-31',30000.00,500000.00,NULL,48894757,9),(201,'2024-01-24','2026-12-31',360000.00,6000000.00,NULL,48894758,9),(202,'2025-01-31','2025-12-31',138000.00,2300000.00,NULL,48894759,9),(203,'2024-07-01','2027-12-31',420000.00,7000000.00,NULL,48894760,9),(204,'2025-07-01','2027-12-31',150000.00,2500000.00,NULL,48894761,9),(205,'2025-07-01','2026-06-30',120000.00,2000000.00,NULL,48894762,9),(206,'2024-07-01','2027-12-31',60000.00,1000000.00,NULL,48894763,9),(207,'2024-06-01','2027-12-31',180000.00,3000000.00,NULL,48894764,9),(208,'2025-07-08','2026-06-30',150000.00,2500000.00,NULL,48894765,9),(209,'2024-01-01','2027-12-31',78000.00,1300000.00,NULL,48894766,9),(210,'2023-01-01','2026-12-31',240000.00,4000000.00,NULL,48894767,9),(211,'2016-01-11','2026-12-31',120000.00,2000000.00,NULL,48894768,34),(212,'2025-01-24','2026-12-31',150000.00,2500000.00,NULL,48894769,34),(213,'2025-11-12','2027-12-31',120000.00,2000000.00,NULL,48894770,34),(214,'2025-07-24','2028-12-31',150000.00,2500000.00,NULL,48894771,34),(215,'2025-01-01','2026-05-12',150000.00,2500000.00,NULL,48894772,34),(216,'2023-01-20','2025-12-31',420000.00,7000000.00,NULL,48894773,34),(217,'2024-01-10','2026-12-31',420000.00,7000000.00,NULL,48894774,34),(218,'2025-07-16','2026-12-31',420000.00,7000000.00,NULL,48894775,34),(219,'2025-01-15','2027-12-31',132000.00,2200000.00,NULL,48894776,34),(220,'2025-07-24','2027-12-31',60000.00,1000000.00,NULL,48894777,34),(221,'2020-08-10','2025-12-31',210000.00,3500000.00,NULL,48894778,34),(222,'2024-08-22','2028-12-31',240000.00,4000000.00,NULL,48894779,34),(223,'2025-01-20','2029-12-31',120000.00,2000000.00,NULL,48894780,34),(224,'2022-06-22','2025-12-31',120000.00,2000000.00,NULL,48894781,34),(225,'2024-01-05','2026-12-31',210000.00,3500000.00,NULL,48894782,34),(226,'2025-07-20','2028-12-31',240000.00,4000000.00,NULL,48894783,34),(227,'2025-01-01','2027-12-31',60000.00,1000000.00,NULL,48894784,34),(228,'2025-02-06','2027-12-31',132000.00,2200000.00,NULL,48894785,34),(229,'2024-01-09','2026-12-31',78000.00,1300000.00,NULL,48894786,34),(230,'2024-01-13','2025-12-31',300000.00,5000000.00,NULL,48894787,34),(231,'2023-08-01','2027-12-31',162000.00,2700000.00,NULL,48894788,34),(232,'2025-01-18','2028-12-31',150000.00,2500000.00,NULL,48894789,34),(233,'2023-01-18','2026-12-31',360000.00,6000000.00,NULL,48894790,34),(234,'2025-11-12','2027-12-31',30000.00,500000.00,NULL,48894791,34),(235,'2022-02-06','2026-12-31',132000.00,2200000.00,NULL,48894792,34),(236,'2023-07-01','2026-12-31',108000.00,1800000.00,NULL,48894793,34),(237,'2024-01-08','2026-12-31',180000.00,3000000.00,NULL,48894794,15),(238,'2025-10-15','2025-12-31',120000.00,2000000.00,NULL,48894795,15),(239,'2024-01-01','2029-12-31',6000.00,100000.00,NULL,48894796,15),(240,'2024-01-24','2028-12-31',240000.00,4000000.00,NULL,48894797,15),(241,'2024-01-01','2028-12-31',180000.00,3000000.00,NULL,48894798,15),(242,'2025-01-03','2029-12-31',360000.00,6000000.00,NULL,48894799,15),(243,'2024-01-08','2025-12-31',150000.00,2500000.00,NULL,48894800,15),(244,'2025-01-01','2028-12-31',60000.00,1000000.00,NULL,48894801,15),(245,'2025-07-06','2029-12-31',72000.00,1200000.00,NULL,48894802,15),(246,'2024-01-03','2025-12-31',180000.00,3000000.00,NULL,48894803,15),(247,'2025-01-14','2027-12-31',210000.00,3500000.00,NULL,48894804,15),(248,'2024-01-01','2027-12-31',210000.00,3500000.00,NULL,48894805,15),(249,'2022-02-05','2026-12-31',75000.00,1250000.00,NULL,48894806,15),(250,'2025-01-06','2027-12-31',390000.00,6500000.00,NULL,48894807,15),(251,'2024-09-06','2027-12-31',300000.00,5000000.00,NULL,48894808,15),(252,'2024-01-01','2029-12-31',120000.00,2000000.00,NULL,48894809,15),(253,'2024-07-01','2029-12-31',120000.00,2000000.00,NULL,48894810,15),(254,'2025-07-06','2029-12-31',150000.00,2500000.00,NULL,48894811,15),(255,'2023-07-31','2027-12-31',360000.00,6000000.00,NULL,48894812,15),(256,'2025-07-06','2026-12-31',240000.00,4000000.00,'2025-11-25',48894813,15),(257,'2025-07-06','2029-12-31',72000.00,1200000.00,NULL,48894814,15),(258,'2024-01-05','2027-12-31',480000.00,8000000.00,NULL,48894815,15),(259,'2024-02-11','2029-12-31',300000.00,5000000.00,NULL,48894816,15),(260,'2025-07-06','2029-12-31',90000.00,1500000.00,NULL,48894817,15),(261,'2024-07-01','2026-12-31',60000.00,1000000.00,NULL,48894818,15),(262,'2024-07-22','2029-12-31',150000.00,2500000.00,NULL,48894819,15),(263,'2025-07-17','2029-12-31',132000.00,2200000.00,NULL,48894820,15),(264,'2025-01-08','2026-12-31',180000.00,3000000.00,NULL,48894821,15),(265,'2025-07-01','2028-12-31',150000.00,2500000.00,NULL,48894822,15),(266,'2022-07-01','2026-05-12',120000.00,2000000.00,NULL,48894823,15),(267,'2025-01-14','2025-12-31',15000.00,250000.00,NULL,48894824,15),(268,'2024-01-01','2025-12-31',15000.00,250000.00,NULL,48894825,15),(269,'2025-01-01','2027-12-31',300000.00,5000000.00,NULL,48894826,31),(270,'2024-01-01','2026-12-31',480000.00,8000000.00,NULL,48894827,31),(271,'2024-01-08','2026-12-31',360000.00,6000000.00,NULL,48894828,31),(272,'2022-01-01','2027-12-31',210000.00,3500000.00,NULL,48894829,31),(273,'2024-07-01','2026-12-31',72000.00,1200000.00,NULL,48894830,31),(274,'2025-01-24','2025-12-31',120000.00,2000000.00,NULL,48894831,31),(275,'2024-02-04','2027-12-31',6000.00,100000.00,NULL,48894832,31),(276,'2025-11-12','2027-12-31',6000.00,100000.00,NULL,48894833,31),(277,'2024-01-01','2027-12-31',180000.00,3000000.00,NULL,48894834,31),(278,'2025-11-12','2027-12-31',120000.00,2000000.00,NULL,48894835,31),(279,'2024-01-01','2026-05-12',132000.00,2200000.00,NULL,48894836,31),(280,'2024-01-01','2026-12-31',270000.00,4500000.00,NULL,48894837,31),(281,'2024-06-26','2025-12-31',30000.00,500000.00,NULL,48894838,31),(282,'2025-07-01','2027-12-31',120000.00,2000000.00,NULL,48894839,31),(283,'2024-07-17','2027-12-31',90000.00,1500000.00,NULL,48894840,31),(284,'2025-01-03','2025-12-31',240000.00,4000000.00,NULL,48894841,31),(285,'2022-07-01','2026-12-31',180000.00,3000000.00,NULL,48894842,31),(286,'2025-01-01','2027-12-31',120000.00,2000000.00,NULL,48894843,31),(287,'2018-07-01','2026-12-31',90000.00,1500000.00,NULL,48894844,31),(288,'2025-01-01','2027-12-31',60000.00,1000000.00,NULL,48894845,31),(289,'2025-07-01','2028-12-31',45000.00,750000.00,NULL,48894846,31),(290,'2024-07-01','2027-12-31',120000.00,2000000.00,NULL,48894847,31),(291,'2019-07-01','2025-12-31',120000.00,2000000.00,NULL,48894848,31),(292,'2024-07-19','2025-12-31',180000.00,3000000.00,NULL,48894849,31),(293,'2025-01-01','2027-12-31',108000.00,1800000.00,NULL,48894850,31),(294,'2024-02-12','2026-12-31',330000.00,5500000.00,NULL,48894851,31),(295,'2025-07-01','2026-12-31',120000.00,2000000.00,NULL,48894852,31),(296,'2025-11-12','2027-12-31',6000.00,100000.00,NULL,48894853,31),(297,'2024-07-22','2028-12-31',180000.00,3000000.00,NULL,48894854,38),(298,'2019-07-01','2025-12-31',420000.00,7000000.00,NULL,48894855,38),(299,'2025-01-21','2027-12-31',120000.00,2000000.00,NULL,48894856,38),(300,'2023-08-02','2027-12-31',420000.00,7000000.00,NULL,48894857,38),(301,'2023-01-01','2026-12-31',360000.00,6000000.00,NULL,48894858,38),(302,'2024-07-01','2026-06-30',300000.00,5000000.00,NULL,48894859,38),(303,'2023-01-01','2026-05-12',105000.00,1750000.00,NULL,48894860,38),(304,'2024-01-23','2025-12-31',45000.00,750000.00,NULL,48894861,38),(305,'2024-07-01','2026-12-31',6000.00,100000.00,NULL,48894862,38),(306,'2025-01-13','2027-12-31',120000.00,2000000.00,NULL,48894863,38),(307,'2024-07-01','2027-12-31',120000.00,2000000.00,NULL,48894864,38),(308,'2025-01-01','2026-12-31',6000.00,100000.00,NULL,48894865,38),(309,'2025-02-07','2025-12-31',60000.00,1000000.00,NULL,48894866,38),(310,'2020-01-16','2027-12-31',225000.00,3750000.00,NULL,48894867,38),(311,'2022-07-01','2025-12-31',105000.00,1750000.00,NULL,48894868,38),(312,'2025-01-01','2028-12-31',180000.00,3000000.00,NULL,48894869,38),(313,'2024-08-22','2028-12-31',132000.00,2200000.00,NULL,48894870,38),(314,'2025-01-01','2027-12-31',90000.00,1500000.00,NULL,48894871,38),(315,'2022-06-21','2025-12-31',480000.00,8000000.00,NULL,48894872,38),(316,'2025-01-31','2025-12-31',150000.00,2500000.00,NULL,48894873,38),(317,'2024-01-02','2026-12-31',60000.00,1000000.00,NULL,48894874,38),(318,'2024-01-19','2026-12-31',300000.00,5000000.00,NULL,48894875,38),(319,'2023-09-04','2027-12-31',300000.00,5000000.00,NULL,48894876,38),(320,'2024-07-01','2026-12-31',108000.00,1800000.00,NULL,48894877,38),(321,'2013-07-11','2025-12-31',15000.00,250000.00,NULL,48894878,38),(322,'2024-07-01','2026-12-31',60000.00,1000000.00,NULL,48894879,38),(323,'2024-01-01','2026-12-31',180000.00,3000000.00,NULL,48894880,38),(324,'2025-07-07','2028-12-31',120000.00,2000000.00,NULL,48894881,38),(325,'2024-01-19','2027-12-31',90000.00,1500000.00,NULL,48894882,38),(326,'2025-01-27','2025-12-31',210000.00,3500000.00,NULL,48894883,38),(327,'2024-07-01','2026-12-31',120000.00,2000000.00,NULL,48894884,38),(328,'2025-07-06','2026-12-31',120000.00,2000000.00,NULL,48894885,19),(329,'2024-01-15','2026-12-31',240000.00,4000000.00,NULL,48894886,19),(330,'2023-01-02','2025-12-31',105000.00,1750000.00,NULL,48894887,19),(331,'2025-07-06','2026-12-31',78000.00,1300000.00,NULL,48894888,19),(332,'2025-07-06','2027-12-31',420000.00,7000000.00,NULL,48894889,19),(333,'2025-08-31','2027-12-31',420000.00,7000000.00,NULL,48894890,19),(334,'2025-07-06','2026-12-31',240000.00,4000000.00,NULL,48894891,19),(335,'2024-08-22','2026-12-31',165000.00,2750000.00,NULL,48894892,19),(336,'2025-01-01','2027-12-31',6000.00,100000.00,NULL,48894893,19),(337,'2024-07-01','2028-12-31',138000.00,2300000.00,NULL,48894894,19),(338,'2022-01-01','2025-12-31',240000.00,4000000.00,NULL,48894895,19),(339,'2025-07-06','2026-12-31',150000.00,2500000.00,NULL,48894896,19),(340,'2025-01-03','2026-05-12',270000.00,4500000.00,NULL,48894897,19),(341,'2020-01-06','2027-12-31',180000.00,3000000.00,NULL,48894898,19),(342,'2025-07-17','2026-12-31',90000.00,1500000.00,NULL,48894899,19),(343,'2024-01-23','2025-12-31',300000.00,5000000.00,NULL,48894900,19),(344,'2024-01-01','2027-12-31',300000.00,5000000.00,NULL,48894901,19),(345,'2024-02-02','2026-12-31',135000.00,2250000.00,NULL,48894902,19),(346,'2024-08-21','2025-12-31',270000.00,4500000.00,NULL,48894903,19),(347,'2024-07-01','2025-12-31',120000.00,2000000.00,NULL,48894904,19),(348,'2025-01-01','2027-12-31',180000.00,3000000.00,NULL,48894905,19),(349,'2024-01-06','2026-12-31',132000.00,2200000.00,NULL,48894906,19),(350,'2024-01-01','2026-12-31',120000.00,2000000.00,NULL,48894907,19),(351,'2025-01-03','2027-12-31',60000.00,1000000.00,NULL,48894908,19),(352,'2025-01-01','2028-12-31',15000.00,250000.00,NULL,48894909,19),(353,'2025-01-01','2027-12-31',6000.00,100000.00,NULL,48894910,19),(354,'2024-01-30','2026-12-31',90000.00,1500000.00,NULL,48894911,19),(355,'2019-07-23','2026-12-31',150000.00,2500000.00,NULL,48894912,19),(356,'2024-07-15','2027-12-31',240000.00,4000000.00,NULL,48894913,19),(357,'2023-08-12','2026-12-31',120000.00,2000000.00,NULL,48894914,19),(358,'2023-01-11','2025-12-31',120000.00,2000000.00,NULL,48894915,19),(359,'2024-01-07','2027-12-31',192000.00,3200000.00,NULL,48894916,25),(360,'2023-01-01','2026-05-12',105000.00,1750000.00,NULL,48894917,25),(361,'2025-07-16','2026-12-31',60000.00,1000000.00,NULL,48894918,25),(362,'2024-01-01','2026-12-31',6000.00,100000.00,NULL,48894919,25),(363,'2024-01-01','2028-12-31',240000.00,4000000.00,NULL,48894920,25),(364,'2025-07-24','2026-12-31',480000.00,8000000.00,NULL,48894921,25),(365,'2023-01-03','2026-12-31',225000.00,3750000.00,NULL,48894922,25),(366,'2025-01-03','2025-12-31',180000.00,3000000.00,NULL,48894923,25),(367,'2025-01-03','2026-12-31',105000.00,1750000.00,NULL,48894924,25),(368,'2024-07-01','2026-05-12',420000.00,7000000.00,NULL,48894925,25),(369,'2023-01-01','2025-12-31',360000.00,6000000.00,NULL,48894926,25),(370,'2024-01-01','2026-12-31',102000.00,1700000.00,NULL,48894927,25),(371,'2025-01-29','2025-12-31',75000.00,1250000.00,NULL,48894928,25),(372,'2025-01-29','2025-12-31',30000.00,500000.00,NULL,48894929,25),(373,'2024-07-01','2027-12-31',120000.00,2000000.00,NULL,48894930,25),(374,'2025-07-16','2025-12-31',150000.00,2500000.00,NULL,48894931,25),(375,'2024-01-01','2026-12-31',150000.00,2500000.00,NULL,48894932,25),(376,'2021-01-01','2026-12-31',120000.00,2000000.00,NULL,48894933,25),(377,'2025-07-06','2026-12-31',60000.00,1000000.00,NULL,48894934,25),(378,'2025-07-11','2026-12-31',180000.00,3000000.00,NULL,48894935,25),(379,'2023-01-01','2025-12-31',6000.00,100000.00,NULL,48894936,25),(380,'2025-07-24','2027-12-31',240000.00,4000000.00,NULL,48894937,25),(381,'2024-01-01','2027-12-31',165000.00,2750000.00,NULL,48894938,25),(382,'2025-01-01','2027-12-31',60000.00,1000000.00,NULL,48894939,25),(383,'2025-07-24','2026-06-30',60000.00,1000000.00,NULL,48894940,25),(384,'2024-01-01','2026-05-12',6000.00,100000.00,NULL,48894941,25),(385,'2024-07-01','2026-12-31',300000.00,5000000.00,NULL,48894942,25),(386,'2025-01-20','2027-12-31',300000.00,5000000.00,NULL,48894943,25),(387,'2024-01-01','2025-12-31',60000.00,1000000.00,NULL,48894944,25),(388,'2025-01-31','2027-12-31',72000.00,1200000.00,NULL,48894945,25),(389,'2024-01-01','2027-12-31',60000.00,1000000.00,NULL,48894946,25),(390,'2025-01-31','2027-12-31',300000.00,5000000.00,NULL,48894947,25),(391,'2023-07-01','2025-12-31',105000.00,1750000.00,NULL,48894948,25),(392,'2021-07-01','2027-12-31',420000.00,7000000.00,NULL,48894949,26),(393,'2024-01-08','2027-12-31',210000.00,3500000.00,NULL,48894950,26),(394,'2025-01-01','2027-12-31',6000.00,100000.00,NULL,48894951,26),(395,'2024-01-01','2026-12-31',480000.00,8000000.00,NULL,48894952,26),(396,'2025-07-23','2026-12-31',360000.00,6000000.00,NULL,48894953,26),(397,'2025-01-10','2025-12-31',240000.00,4000000.00,NULL,48894954,26),(398,'2025-07-08','2027-12-31',180000.00,3000000.00,NULL,48894955,26),(399,'2025-01-16','2025-12-31',120000.00,2000000.00,NULL,48894956,26),(400,'2023-08-15','2026-12-31',105000.00,1750000.00,NULL,48894957,26),(401,'2022-07-01','2026-12-31',45000.00,750000.00,NULL,48894958,26),(402,'2021-07-01','2027-12-31',150000.00,2500000.00,NULL,48894959,26),(403,'2025-01-01','2026-12-31',120000.00,2000000.00,NULL,48894960,26),(404,'2025-01-06','2025-12-31',72000.00,1200000.00,NULL,48894961,26),(405,'2024-01-15','2025-12-31',300000.00,5000000.00,NULL,48894962,26),(406,'2025-01-01','2027-12-31',360000.00,6000000.00,NULL,48894963,26),(407,'2025-01-23','2025-12-31',360000.00,6000000.00,NULL,48894964,26),(408,'2025-01-01','2027-12-31',6000.00,100000.00,NULL,48894965,26),(409,'2025-01-11','2026-12-31',300000.00,5000000.00,NULL,48894966,26),(410,'2025-07-24','2026-06-30',540000.00,9000000.00,NULL,48894967,26),(411,'2025-01-11','2027-12-31',420000.00,7000000.00,NULL,48894968,26),(412,'2025-01-11','2027-12-31',300000.00,5000000.00,NULL,48894969,26),(413,'2025-01-08','2025-12-31',72000.00,1200000.00,NULL,48894970,26),(414,'2020-09-01','2027-12-31',360000.00,6000000.00,NULL,48894971,26),(415,'2025-07-01','2028-12-31',120000.00,2000000.00,NULL,48894972,26),(416,'2025-01-22','2027-12-31',420000.00,7000000.00,NULL,48894973,26),(417,'2024-07-01','2026-12-31',90000.00,1500000.00,NULL,48894974,26),(418,'2025-01-04','2025-12-31',72000.00,1200000.00,NULL,48894975,26),(419,'2025-07-15','2026-06-30',420000.00,7000000.00,NULL,48894976,26),(420,'2024-07-01','2026-12-31',90000.00,1500000.00,NULL,48894977,26),(421,'2024-07-01','2025-12-31',30000.00,500000.00,NULL,48894978,26),(422,'2021-02-01','2026-12-31',180000.00,3000000.00,NULL,48894979,35),(423,'2025-07-06','2027-12-31',60000.00,1000000.00,NULL,48894980,35),(424,'2025-11-12','2026-05-12',6000.00,100000.00,NULL,48894981,35),(425,'2025-07-06','2025-12-31',72000.00,1200000.00,NULL,48894982,35),(426,'2025-01-22','2027-12-31',360000.00,6000000.00,NULL,48894983,35),(427,'2025-01-14','2026-12-31',165000.00,2750000.00,NULL,48894984,35),(428,'2024-09-10','2026-12-31',150000.00,2500000.00,NULL,48894985,35),(429,'2024-01-01','2026-12-31',30000.00,500000.00,NULL,48894986,35),(430,'2024-07-11','2025-12-31',72000.00,1200000.00,NULL,48894987,35),(431,'2025-07-06','2027-12-31',240000.00,4000000.00,NULL,48894988,35),(432,'2017-01-01','2025-12-31',210000.00,3500000.00,NULL,48894989,35),(433,'2024-01-01','2026-12-31',45000.00,750000.00,NULL,48894990,35),(434,'2022-07-08','2025-12-31',90000.00,1500000.00,NULL,48894991,35),(435,'2023-01-11','2026-12-31',60000.00,1000000.00,NULL,48894992,35),(436,'2025-07-06','2026-06-30',300000.00,5000000.00,NULL,48894993,35),(437,'2024-07-01','2028-12-31',60000.00,1000000.00,NULL,48894994,35),(438,'2025-07-10','2026-12-31',108000.00,1800000.00,NULL,48894995,35),(439,'2025-07-24','2025-12-31',102000.00,1700000.00,NULL,48894996,35),(440,'2025-01-12','2025-12-31',60000.00,1000000.00,NULL,48894997,35),(441,'2025-01-31','2025-12-31',180000.00,3000000.00,NULL,48894998,35),(442,'2024-01-01','2025-12-31',150000.00,2500000.00,NULL,48894999,35),(443,'2025-07-10','2026-06-30',300000.00,5000000.00,NULL,48895000,35),(444,'2025-01-14','2025-12-31',90000.00,1500000.00,NULL,48895001,35),(445,'2023-01-06','2026-12-31',180000.00,3000000.00,NULL,48895002,35),(446,'2025-01-17','2025-12-31',72000.00,1200000.00,NULL,48895003,35),(447,'2023-01-03','2027-12-31',420000.00,7000000.00,NULL,48895004,35),(448,'2025-01-20','2025-12-31',360000.00,6000000.00,NULL,48895005,35),(449,'2025-07-06','2026-12-31',300000.00,5000000.00,NULL,48895006,35),(450,'2025-07-24','2026-12-31',6000.00,100000.00,NULL,48895007,35),(451,'2025-01-14','2025-12-31',150000.00,2500000.00,NULL,48895008,35),(452,'2025-01-22','2025-12-31',420000.00,7000000.00,NULL,48895009,35),(453,'2025-01-31','2025-12-31',240000.00,4000000.00,NULL,48895010,35),(454,'2025-07-06','2025-12-31',60000.00,1000000.00,NULL,48895011,21),(455,'2025-01-18','2026-12-31',45000.00,750000.00,NULL,48895012,21),(456,'2023-01-18','2025-12-31',15000.00,250000.00,NULL,48895013,21),(457,'2025-01-31','2025-12-31',6000.00,100000.00,NULL,48895014,21),(458,'2025-07-06','2029-12-31',120000.00,2000000.00,NULL,48895015,21),(459,'2024-07-19','2028-12-31',72000.00,1200000.00,NULL,48895016,21),(460,'2024-01-04','2025-12-31',120000.00,2000000.00,NULL,48895017,21),(461,'2025-01-01','2027-12-31',60000.00,1000000.00,NULL,48895018,21),(462,'2023-01-01','2025-12-31',102000.00,1700000.00,NULL,48895019,21),(463,'2025-01-29','2025-12-31',60000.00,1000000.00,NULL,48895020,21),(464,'2024-01-01','2026-12-31',120000.00,2000000.00,NULL,48895021,21),(465,'2022-07-08','2025-12-31',300000.00,5000000.00,NULL,48895022,21),(466,'2024-09-06','2025-12-31',300000.00,5000000.00,NULL,48895023,21),(467,'2023-01-01','2025-12-31',210000.00,3500000.00,NULL,48895024,21),(468,'2023-07-01','2027-12-31',210000.00,3500000.00,NULL,48895025,21),(469,'2024-07-24','2028-12-31',180000.00,3000000.00,NULL,48895026,21),(470,'2025-01-08','2027-12-31',90000.00,1500000.00,NULL,48895027,21),(471,'2025-01-03','2028-12-31',360000.00,6000000.00,NULL,48895028,21),(472,'2025-01-02','2026-12-31',45000.00,750000.00,NULL,48895029,21),(473,'2025-01-03','2028-12-31',150000.00,2500000.00,NULL,48895030,21),(474,'2024-02-01','2027-12-31',180000.00,3000000.00,NULL,48895031,21),(475,'2025-11-12','2028-12-31',6000.00,100000.00,NULL,48895032,21),(476,'2025-07-09','2026-12-31',90000.00,1500000.00,NULL,48895033,21),(477,'2024-01-03','2026-12-31',60000.00,1000000.00,NULL,48895034,21),(478,'2025-11-12','2026-05-12',30000.00,500000.00,NULL,48895035,21),(479,'2024-02-04','2026-12-31',30000.00,500000.00,NULL,48895036,21),(480,'2022-01-01','2026-12-31',120000.00,2000000.00,NULL,48895037,21),(481,'2024-07-14','2025-12-31',90000.00,1500000.00,NULL,48895038,21),(482,'2025-07-24','2026-06-30',420000.00,7000000.00,NULL,48895039,21),(483,'2025-07-19','2026-12-31',240000.00,4000000.00,NULL,48895040,21),(484,'2022-07-01','2026-05-12',60000.00,1000000.00,NULL,48895041,21),(485,'2025-07-24','2026-06-30',6000.00,100000.00,NULL,48895042,21),(486,'2025-01-11','2025-12-31',60000.00,1000000.00,NULL,48895043,29),(487,'2024-07-16','2025-12-31',30000.00,500000.00,NULL,48895044,29),(488,'2024-01-01','2028-12-31',180000.00,3000000.00,NULL,48895045,29),(489,'2024-01-08','2025-12-31',150000.00,2500000.00,NULL,48895046,29),(490,'2025-02-04','2025-12-31',300000.00,5000000.00,NULL,48895047,29),(491,'2025-01-15','2025-12-31',150000.00,2500000.00,NULL,48895048,29),(492,'2025-01-08','2025-12-31',78000.00,1300000.00,NULL,48895049,29),(493,'2025-01-10','2025-12-31',75000.00,1250000.00,NULL,48895050,29),(494,'2024-01-09','2027-12-31',102000.00,1700000.00,NULL,48895051,29),(495,'2023-06-12','2025-12-31',180000.00,3000000.00,NULL,48895052,29),(496,'2024-02-29','2025-12-31',135000.00,2250000.00,NULL,48895053,29),(497,'2025-01-03','2028-12-31',180000.00,3000000.00,NULL,48895054,29),(498,'2025-01-20','2025-12-31',120000.00,2000000.00,NULL,48895055,29),(499,'2025-07-17','2026-06-30',15000.00,250000.00,NULL,48895056,29),(500,'2025-07-10','2026-12-31',60000.00,1000000.00,NULL,48895057,29),(501,'2025-01-11','2025-12-31',300000.00,5000000.00,NULL,48895058,29),(502,'2019-01-01','2025-12-31',240000.00,4000000.00,NULL,48895059,29),(503,'2024-07-19','2027-12-31',60000.00,1000000.00,NULL,48895060,29),(504,'2025-07-24','2026-06-30',60000.00,1000000.00,NULL,48895061,29),(505,'2025-01-22','2025-12-31',480000.00,8000000.00,NULL,48895062,29),(506,'2024-07-01','2026-12-31',300000.00,5000000.00,NULL,48895063,29),(507,'2024-09-06','2025-12-31',90000.00,1500000.00,NULL,48895064,29),(508,'2024-07-01','2027-12-31',108000.00,1800000.00,NULL,48895065,29),(509,'2020-09-01','2025-12-31',480000.00,8000000.00,NULL,48895066,29),(510,'2025-07-24','2026-12-31',6000.00,100000.00,NULL,48895067,29),(511,'2023-01-01','2027-12-31',150000.00,2500000.00,NULL,48895068,29),(512,'2024-07-16','2026-12-31',480000.00,8000000.00,NULL,48895069,29),(513,'2025-03-14','2025-12-31',360000.00,6000000.00,NULL,48895070,29),(514,'2025-01-23','2025-12-31',300000.00,5000000.00,NULL,48895071,29),(515,'2023-01-01','2026-12-31',210000.00,3500000.00,NULL,48895072,39),(516,'2024-07-01','2025-12-31',120000.00,2000000.00,NULL,48895073,39),(517,'2019-07-01','2027-12-31',6000.00,100000.00,NULL,48895074,39),(518,'2024-01-01','2027-12-31',132000.00,2200000.00,NULL,48895075,39),(519,'2022-01-04','2026-12-31',90000.00,1500000.00,NULL,48895076,39),(520,'2025-01-02','2025-12-31',210000.00,3500000.00,NULL,48895077,39),(521,'2025-01-24','2025-12-31',180000.00,3000000.00,NULL,48895078,39),(522,'2025-07-01','2026-12-31',60000.00,1000000.00,NULL,48895079,39),(523,'2023-08-04','2025-12-31',180000.00,3000000.00,NULL,48895080,39),(524,'2025-01-06','2025-12-31',180000.00,3000000.00,NULL,48895081,39),(525,'2025-01-06','2025-12-31',165000.00,2750000.00,NULL,48895082,39),(526,'2023-01-01','2025-12-31',135000.00,2250000.00,NULL,48895083,39),(527,'2025-07-24','2026-06-30',420000.00,7000000.00,NULL,48895084,39),(528,'2025-01-02','2025-12-31',240000.00,4000000.00,NULL,48895085,39),(529,'2024-01-02','2025-12-31',240000.00,4000000.00,NULL,48895086,39),(530,'2024-01-01','2026-12-31',228000.00,3800000.00,NULL,48895087,39),(531,'2024-08-05','2025-12-31',300000.00,5000000.00,NULL,48895088,39),(532,'2025-01-10','2025-12-31',210000.00,3500000.00,NULL,48895089,39),(533,'2024-01-01','2027-12-31',180000.00,3000000.00,NULL,48895090,39),(534,'2024-07-01','2027-12-31',150000.00,2500000.00,NULL,48895091,39),(535,'2025-01-02','2027-12-31',6000.00,100000.00,NULL,48895092,39),(536,'2025-01-01','2026-12-31',60000.00,1000000.00,NULL,48895093,39),(537,'2025-11-12','2027-12-31',6000.00,100000.00,NULL,48895094,39),(538,'2025-07-07','2026-06-30',540000.00,9000000.00,NULL,48895095,39),(539,'2025-07-10','2026-06-30',270000.00,4500000.00,NULL,48895096,39),(540,'2024-01-13','2026-12-31',420000.00,7000000.00,NULL,48895097,39),(541,'2024-07-01','2026-12-31',420000.00,7000000.00,NULL,48895098,39),(542,'2025-02-14','2025-12-31',300000.00,5000000.00,NULL,48895099,39),(543,'2025-07-06','2027-12-31',210000.00,3500000.00,NULL,48895100,39),(544,'2025-07-21','2026-06-30',102000.00,1700000.00,NULL,48895101,36),(545,'2025-01-22','2025-12-31',90000.00,1500000.00,NULL,48895102,36),(546,'2025-08-01','2026-12-31',60000.00,1000000.00,NULL,48895103,36),(547,'2023-07-01','2026-12-31',6000.00,100000.00,NULL,48895104,36),(548,'2024-01-03','2026-12-31',108000.00,1800000.00,NULL,48895105,36),(549,'2022-01-01','2026-12-31',480000.00,8000000.00,NULL,48895106,36),(550,'2025-07-22','2028-12-31',450000.00,7500000.00,NULL,48895107,36),(551,'2025-07-06','2028-12-31',150000.00,2500000.00,NULL,48895108,36),(552,'2018-07-01','2026-05-12',60000.00,1000000.00,NULL,48895109,36),(553,'2023-01-01','2026-12-31',60000.00,1000000.00,NULL,48895110,36),(554,'2023-07-01','2028-12-31',210000.00,3500000.00,NULL,48895111,36),(555,'2024-01-01','2026-12-31',240000.00,4000000.00,NULL,48895112,36),(556,'2018-07-01','2026-12-31',135000.00,2250000.00,NULL,48895113,36),(557,'2024-07-01','2026-12-31',180000.00,3000000.00,NULL,48895114,36),(558,'2025-07-11','2026-06-30',240000.00,4000000.00,NULL,48895115,36),(559,'2020-08-10','2027-12-31',150000.00,2500000.00,NULL,48895116,36),(560,'2024-01-22','2026-12-31',120000.00,2000000.00,NULL,48895117,36),(561,'2024-01-01','2026-12-31',60000.00,1000000.00,NULL,48895118,36),(562,'2025-01-09','2025-12-31',270000.00,4500000.00,NULL,48895119,36),(563,'2021-07-02','2025-12-31',120000.00,2000000.00,NULL,48895120,36),(564,'2025-01-01','2026-12-31',6000.00,100000.00,NULL,48895121,36),(565,'2025-07-24','2026-12-31',150000.00,2500000.00,NULL,48895122,36),(566,'2025-01-22','2026-12-31',60000.00,1000000.00,NULL,48895123,36),(567,'2025-07-24','2026-06-30',120000.00,2000000.00,NULL,48895124,36),(568,'2025-01-06','2026-12-31',60000.00,1000000.00,NULL,48895125,36),(569,'2023-01-01','2025-12-31',150000.00,2500000.00,NULL,48895126,36),(570,'2025-01-30','2027-12-31',60000.00,1000000.00,NULL,48895127,36),(571,'2025-01-29','2028-12-31',300000.00,5000000.00,NULL,48895128,36),(572,'2025-06-27','2026-12-31',135000.00,2250000.00,NULL,48895129,36),(573,'2025-02-02','2025-12-31',105000.00,1750000.00,NULL,48895130,36),(574,'2024-01-01','2025-12-31',75000.00,1250000.00,NULL,48895131,36),(575,'2024-07-06','2025-12-31',120000.00,2000000.00,NULL,48895132,28),(576,'2024-01-08','2025-12-31',45000.00,750000.00,NULL,48895133,28),(577,'2024-01-24','2025-12-31',15000.00,250000.00,NULL,48895134,28),(578,'2024-08-21','2025-12-31',180000.00,3000000.00,NULL,48895135,28),(579,'2025-01-01','2027-12-31',300000.00,5000000.00,NULL,48895136,28),(580,'2024-07-05','2027-12-31',300000.00,5000000.00,NULL,48895137,28),(581,'2025-01-07','2025-12-31',135000.00,2250000.00,NULL,48895138,28),(582,'2025-01-06','2025-12-31',60000.00,1000000.00,NULL,48895139,28),(583,'2025-01-22','2025-12-31',45000.00,750000.00,NULL,48895140,28),(584,'2025-01-13','2025-12-31',150000.00,2500000.00,NULL,48895141,28),(585,'2025-01-07','2025-12-31',90000.00,1500000.00,NULL,48895142,28),(586,'2024-07-03','2025-12-31',300000.00,5000000.00,NULL,48895143,28),(587,'2025-01-03','2026-12-31',210000.00,3500000.00,NULL,48895144,28),(588,'2025-07-01','2026-12-31',60000.00,1000000.00,NULL,48895145,28),(589,'2023-02-06','2025-12-31',45000.00,750000.00,NULL,48895146,28),(590,'2025-01-03','2025-12-31',120000.00,2000000.00,NULL,48895147,28),(591,'2025-07-06','2026-12-31',360000.00,6000000.00,NULL,48895148,28),(592,'2025-01-07','2025-12-31',75000.00,1250000.00,NULL,48895149,28),(593,'2025-01-10','2025-12-31',480000.00,8000000.00,NULL,48895150,28),(594,'2024-08-21','2026-12-31',300000.00,5000000.00,NULL,48895151,28),(595,'2025-07-06','2029-12-31',240000.00,4000000.00,NULL,48895152,28),(596,'2022-01-01','2025-12-31',15000.00,250000.00,NULL,48895153,28),(597,'2025-01-09','2025-12-31',180000.00,3000000.00,NULL,48895154,28),(598,'2023-07-01','2028-12-31',30000.00,500000.00,NULL,48895155,28),(599,'2025-01-09','2025-12-31',6000.00,100000.00,NULL,48895156,28),(600,'2024-07-03','2026-06-30',300000.00,5000000.00,NULL,48895157,28),(601,'2025-07-06','2026-05-12',90000.00,1500000.00,NULL,48895158,28),(602,'2025-01-31','2025-12-31',360000.00,6000000.00,NULL,48895159,28),(603,'2025-07-23','2026-06-30',195000.00,3250000.00,NULL,48895160,28),(604,'2025-01-01','2025-12-31',135000.00,2250000.00,NULL,48895161,28),(605,'2025-07-06','2028-12-31',270000.00,4500000.00,NULL,48895162,28),(606,'2025-01-10','2025-12-31',150000.00,2500000.00,NULL,48895163,28),(607,'2023-01-01','2025-12-31',105000.00,1750000.00,NULL,48895164,28),(608,'2025-01-22','2025-12-31',108000.00,1800000.00,NULL,48895165,18),(609,'2024-01-05','2025-12-31',150000.00,2500000.00,NULL,48895166,18),(610,'2025-11-12','2026-05-12',6000.00,100000.00,NULL,48895167,18),(611,'2025-01-18','2025-12-31',150000.00,2500000.00,NULL,48895168,18),(612,'2025-01-01','2026-12-31',480000.00,8000000.00,NULL,48895169,18),(613,'2025-01-01','2027-12-31',300000.00,5000000.00,NULL,48895170,18),(614,'2025-01-08','2025-12-31',240000.00,4000000.00,NULL,48895171,18),(615,'2025-01-07','2025-12-31',120000.00,2000000.00,NULL,48895172,18),(616,'2023-01-01','2025-12-31',90000.00,1500000.00,NULL,48895173,18),(617,'2025-01-08','2025-12-31',60000.00,1000000.00,NULL,48895174,18),(618,'2023-08-10','2025-12-31',60000.00,1000000.00,NULL,48895175,18),(619,'2025-07-06','2025-12-31',420000.00,7000000.00,NULL,48895176,18),(620,'2024-07-01','2025-12-31',45000.00,750000.00,NULL,48895177,18),(621,'2021-07-01','2025-12-31',30000.00,500000.00,NULL,48895178,18),(622,'2025-01-01','2026-05-12',6000.00,100000.00,NULL,48895179,18),(623,'2022-01-01','2025-12-31',72000.00,1200000.00,NULL,48895180,18),(624,'2023-01-01','2025-12-31',15000.00,250000.00,NULL,48895181,18),(625,'2024-09-04','2025-12-31',210000.00,3500000.00,NULL,48895182,18),(626,'2024-07-28','2025-12-31',72000.00,1200000.00,NULL,48895183,18),(627,'2024-01-10','2025-12-31',225000.00,3750000.00,NULL,48895184,18),(628,'2025-01-08','2025-12-31',60000.00,1000000.00,NULL,48895185,18),(629,'2025-01-18','2025-12-31',15000.00,250000.00,NULL,48895186,18),(630,'2025-07-08','2026-05-12',6000.00,100000.00,NULL,48895187,18),(631,'2025-01-06','2025-12-31',72000.00,1200000.00,NULL,48895188,18),(632,'2024-09-04','2026-06-30',108000.00,1800000.00,NULL,48895189,18),(633,'2025-01-06','2025-12-31',72000.00,1200000.00,NULL,48895190,18),(634,'2024-01-15','2025-12-31',420000.00,7000000.00,NULL,48895191,18),(635,'2024-07-01','2025-12-31',45000.00,750000.00,NULL,48895192,18),(636,'2025-01-31','2025-12-31',15000.00,250000.00,NULL,48895193,18),(637,'2025-01-30','2025-12-31',6000.00,100000.00,NULL,48895194,18),(638,'2025-07-24','2028-12-31',480000.00,8000000.00,NULL,48895195,40),(639,'2023-01-01','2025-12-31',150000.00,2500000.00,NULL,48895196,40),(640,'2020-08-11','2027-12-31',90000.00,1500000.00,NULL,48895197,40),(641,'2025-01-08','2025-12-31',60000.00,1000000.00,NULL,48895198,40),(642,'2024-07-19','2027-12-31',60000.00,1000000.00,NULL,48895199,40),(643,'2025-07-12','2026-06-30',540000.00,9000000.00,NULL,48895200,40),(644,'2025-02-06','2025-12-31',180000.00,3000000.00,NULL,48895201,40),(645,'2025-01-13','2025-12-31',45000.00,750000.00,NULL,48895202,40),(646,'2025-01-10','2025-12-31',210000.00,3500000.00,NULL,48895203,40),(647,'2022-01-01','2025-12-31',90000.00,1500000.00,NULL,48895204,40),(648,'2020-08-11','2025-12-31',75000.00,1250000.00,NULL,48895205,40),(649,'2025-01-25','2027-12-31',480000.00,8000000.00,NULL,48895206,40),(650,'2023-01-28','2026-12-31',270000.00,4500000.00,NULL,48895207,40),(651,'2025-01-01','2026-12-31',300000.00,5000000.00,NULL,48895208,40),(652,'2025-07-01','2028-06-30',240000.00,4000000.00,NULL,48895209,40),(653,'2025-01-01','2026-12-31',180000.00,3000000.00,NULL,48895210,40),(654,'2024-01-21','2025-12-31',450000.00,7500000.00,NULL,48895211,40),(655,'2023-01-01','2026-12-31',180000.00,3000000.00,NULL,48895212,40),(656,'2023-01-01','2025-12-31',45000.00,750000.00,NULL,48895213,40),(657,'2025-07-06','2026-06-30',15000.00,250000.00,NULL,48895214,40),(658,'2025-01-20','2025-12-31',168000.00,2800000.00,NULL,48895215,40),(659,'2025-11-12','2026-12-31',150000.00,2500000.00,NULL,48895216,40),(660,'2025-11-12','2027-12-31',30000.00,500000.00,NULL,48895217,40),(661,'2025-08-29','2026-12-31',120000.00,2000000.00,NULL,48895218,40),(662,'2025-07-24','2026-06-30',90000.00,1500000.00,NULL,48895219,40),(663,'2025-01-31','2025-12-31',60000.00,1000000.00,NULL,48895220,40),(664,'2024-01-01','2026-12-31',90000.00,1500000.00,NULL,48895221,40),(665,'2025-11-12','2028-12-31',45000.00,750000.00,NULL,48895222,40),(666,'2025-02-10','2025-12-31',90000.00,1500000.00,NULL,48895223,40),(667,'2024-08-09','2025-12-31',210000.00,3500000.00,NULL,48895224,40),(668,'2022-07-01','2025-12-31',75000.00,1250000.00,NULL,48895225,40),(669,'2025-11-12','2028-12-31',6000.00,100000.00,NULL,48895226,40),(670,'2025-01-10','2025-12-31',120000.00,2000000.00,NULL,48895227,20),(671,'2025-01-31','2025-12-31',120000.00,2000000.00,NULL,48895228,20),(672,'2024-01-01','2025-12-31',6000.00,100000.00,NULL,48895229,20),(673,'2024-07-01','2025-12-31',6000.00,100000.00,NULL,48895230,20),(674,'2024-07-01','2025-12-31',60000.00,1000000.00,NULL,48895231,20),(675,'2025-01-20','2025-12-31',210000.00,3500000.00,NULL,48895232,20),(676,'2025-01-10','2025-12-31',150000.00,2500000.00,NULL,48895233,20),(677,'2024-07-02','2026-12-31',120000.00,2000000.00,NULL,48895234,20),(678,'2025-07-06','2026-12-31',75000.00,1250000.00,NULL,48895235,20),(679,'2025-01-03','2025-12-31',90000.00,1500000.00,NULL,48895236,20),(680,'2024-06-05','2025-12-31',75000.00,1250000.00,NULL,48895237,20),(681,'2024-01-22','2025-12-31',30000.00,500000.00,NULL,48895238,20),(682,'2025-01-08','2025-12-31',300000.00,5000000.00,NULL,48895239,20),(683,'2024-07-01','2025-12-31',60000.00,1000000.00,NULL,48895240,20),(684,'2024-07-01','2025-12-31',15000.00,250000.00,NULL,48895241,20),(685,'2025-01-14','2025-12-31',108000.00,1800000.00,NULL,48895242,20),(686,'2025-07-06','2026-06-30',180000.00,3000000.00,NULL,48895243,20),(687,'2024-08-09','2025-12-31',90000.00,1500000.00,NULL,48895244,20),(688,'2024-08-18','2025-12-31',108000.00,1800000.00,NULL,48895245,20),(689,'2025-07-06','2026-12-31',480000.00,8000000.00,NULL,48895246,20),(690,'2025-01-14','2025-12-31',90000.00,1500000.00,NULL,48895247,20),(691,'2025-01-09','2025-12-31',90000.00,1500000.00,NULL,48895248,20),(692,'2025-07-06','2026-06-30',480000.00,8000000.00,NULL,48895249,20),(693,'2025-07-06','2026-12-31',180000.00,3000000.00,NULL,48895250,20),(694,'2025-01-21','2025-12-31',150000.00,2500000.00,NULL,48895251,20),(695,'2025-01-10','2025-12-31',90000.00,1500000.00,NULL,48895252,20),(696,'2025-01-31','2025-12-31',240000.00,4000000.00,NULL,48895253,20),(697,'2025-01-21','2025-12-31',150000.00,2500000.00,NULL,48895254,20),(698,'2025-01-09','2025-12-31',120000.00,2000000.00,NULL,48895255,20),(699,'2024-06-28','2026-12-31',210000.00,3500000.00,NULL,48895256,20),(700,'2025-03-14','2027-12-31',165000.00,2750000.00,NULL,48895257,20),(701,'2024-09-02','2025-12-31',90000.00,1500000.00,NULL,48895258,20),(702,'2024-01-01','2025-12-31',45000.00,750000.00,NULL,48895259,20),(703,'2023-01-01','2026-12-31',120000.00,2000000.00,NULL,48895260,17),(704,'2025-01-02','2025-12-31',420000.00,7000000.00,NULL,48895261,17),(705,'2025-01-01','2026-12-31',6000.00,100000.00,NULL,48895262,17),(706,'2025-01-04','2025-12-31',480000.00,8000000.00,NULL,48895263,17),(707,'2025-08-31','2026-12-31',270000.00,4500000.00,NULL,48895264,17),(708,'2025-01-01','2027-12-31',120000.00,2000000.00,NULL,48895265,17),(709,'2025-07-06','2026-12-31',60000.00,1000000.00,NULL,48895266,17),(710,'2025-01-04','2025-12-31',30000.00,500000.00,NULL,48895267,17),(711,'2025-07-06','2026-12-31',6000.00,100000.00,NULL,48895268,17),(712,'2025-01-20','2025-12-31',360000.00,6000000.00,NULL,48895269,17),(713,'2025-07-09','2026-12-31',45000.00,750000.00,NULL,48895270,17),(714,'2025-07-06','2026-12-31',180000.00,3000000.00,NULL,48895271,17),(715,'2024-01-01','2026-12-31',45000.00,750000.00,NULL,48895272,17),(716,'2021-07-01','2025-12-31',420000.00,7000000.00,NULL,48895273,17),(717,'2025-01-05','2025-12-31',90000.00,1500000.00,NULL,48895274,17),(718,'2024-07-01','2027-12-31',240000.00,4000000.00,NULL,48895275,17),(719,'2025-01-03','2025-12-31',45000.00,750000.00,NULL,48895276,17),(720,'2024-01-01','2025-12-31',30000.00,500000.00,NULL,48895277,17),(721,'2025-01-13','2025-12-31',360000.00,6000000.00,NULL,48895278,17),(722,'2023-07-01','2025-12-31',240000.00,4000000.00,NULL,48895279,17),(723,'2025-02-06','2025-12-31',72000.00,1200000.00,NULL,48895280,17),(724,'2022-01-01','2025-12-31',210000.00,3500000.00,NULL,48895281,17),(725,'2024-01-01','2025-12-31',6000.00,100000.00,NULL,48895282,17),(726,'2025-07-10','2026-12-31',420000.00,7000000.00,NULL,48895283,17),(727,'2025-01-01','2027-12-31',180000.00,3000000.00,NULL,48895284,17),(728,'2024-09-06','2025-12-31',75000.00,1250000.00,NULL,48895285,17),(729,'2025-01-15','2027-12-31',360000.00,6000000.00,NULL,48895286,17),(730,'2025-07-06','2026-12-31',120000.00,2000000.00,NULL,48895287,17),(731,'2025-07-17','2026-06-30',78000.00,1300000.00,NULL,48895288,17),(732,'2025-01-15','2025-12-31',480000.00,8000000.00,NULL,48895289,17),(733,'2024-01-08','2026-12-31',210000.00,3500000.00,NULL,48895290,17),(734,'2025-07-16','2026-12-31',150000.00,2500000.00,NULL,48895291,17),(735,'2025-01-19','2026-12-31',150000.00,2500000.00,NULL,48895292,17),(736,'2019-07-01','2026-12-31',60000.00,1000000.00,NULL,48895293,24),(737,'2025-01-09','2026-12-31',450000.00,7500000.00,'2025-11-25',48895294,24),(738,'2025-01-16','2025-12-31',72000.00,1200000.00,NULL,48895295,24),(739,'2024-09-03','2025-12-31',360000.00,6000000.00,NULL,48895296,24),(740,'2025-01-03','2026-12-31',210000.00,3500000.00,NULL,48895297,24),(741,'2025-01-06','2025-12-31',180000.00,3000000.00,NULL,48895298,24),(742,'2025-07-24','2026-06-30',150000.00,2500000.00,NULL,48895299,24),(743,'2024-01-01','2026-12-31',60000.00,1000000.00,NULL,48895300,24),(744,'2025-11-12','2027-12-31',30000.00,500000.00,NULL,48895301,24),(745,'2025-01-23','2026-12-31',420000.00,7000000.00,NULL,48895302,24),(746,'2025-01-24','2025-12-31',180000.00,3000000.00,NULL,48895303,24),(747,'2024-01-11','2026-12-31',108000.00,1800000.00,NULL,48895304,24),(748,'2025-01-01','2026-12-31',60000.00,1000000.00,NULL,48895305,24),(749,'2025-07-06','2026-12-31',360000.00,6000000.00,NULL,48895306,24),(750,'2025-01-01','2028-12-31',270000.00,4500000.00,NULL,48895307,24),(751,'2024-07-10','2025-12-31',420000.00,7000000.00,NULL,48895308,24),(752,'2025-07-24','2026-12-31',90000.00,1500000.00,NULL,48895309,24),(753,'2024-09-03','2025-12-31',75000.00,1250000.00,NULL,48895310,24),(754,'2023-08-08','2026-12-31',120000.00,2000000.00,NULL,48895311,24),(755,'2025-07-04','2026-12-31',105000.00,1750000.00,NULL,48895312,24),(756,'2023-01-01','2026-12-31',45000.00,750000.00,NULL,48895313,24),(757,'2025-02-06','2025-12-31',420000.00,7000000.00,NULL,48895314,24),(758,'2025-01-01','2028-12-31',360000.00,6000000.00,NULL,48895315,24),(759,'2025-01-24','2025-12-31',240000.00,4000000.00,NULL,48895316,24),(760,'2023-01-01','2025-12-31',240000.00,4000000.00,NULL,48895317,24),(761,'2025-07-06','2026-12-31',60000.00,1000000.00,NULL,48895318,24),(762,'2024-08-13','2025-12-31',480000.00,8000000.00,NULL,48895319,24),(763,'2022-01-01','2025-12-31',240000.00,4000000.00,NULL,48895320,24),(764,'2024-08-17','2025-12-31',120000.00,2000000.00,NULL,48895321,24),(765,'2025-07-08','2026-12-31',480000.00,8000000.00,NULL,48895322,24),(766,'2025-07-24','2026-06-30',420000.00,7000000.00,NULL,48895323,24),(767,'2023-01-01','2025-12-31',300000.00,5000000.00,NULL,48895324,24),(768,'2025-02-28','2025-12-31',240000.00,4000000.00,NULL,48895325,24),(769,'2025-07-11','2026-06-30',180000.00,3000000.00,NULL,48895326,16),(770,'2024-07-17','2025-12-31',90000.00,1500000.00,NULL,48895327,16),(771,'2025-01-01','2025-12-31',6000.00,100000.00,NULL,48895328,16),(772,'2025-06-21','2026-12-31',420000.00,7000000.00,NULL,48895329,16),(773,'2025-01-18','2025-12-31',360000.00,6000000.00,NULL,48895330,16),(774,'2025-01-01','2027-12-31',300000.00,5000000.00,NULL,48895331,16),(775,'2025-07-24','2026-12-31',165000.00,2750000.00,NULL,48895332,16),(776,'2022-01-18','2025-12-31',135000.00,2250000.00,NULL,48895333,16),(777,'2024-01-23','2027-12-31',390000.00,6500000.00,NULL,48895334,16),(778,'2025-07-06','2026-12-31',90000.00,1500000.00,'2025-11-25',48895335,16),(779,'2025-07-06','2028-12-31',270000.00,4500000.00,NULL,48895336,16),(780,'2023-01-01','2027-12-31',120000.00,2000000.00,NULL,48895337,16),(781,'2025-01-10','2025-12-31',75000.00,1250000.00,NULL,48895338,16),(782,'2025-07-06','2026-12-31',72000.00,1200000.00,NULL,48895339,16),(783,'2024-01-01','2026-12-31',108000.00,1800000.00,NULL,48895340,16),(784,'2025-01-17','2025-12-31',210000.00,3500000.00,NULL,48895341,16),(785,'2019-07-25','2026-12-31',120000.00,2000000.00,NULL,48895342,16),(786,'2025-01-01','2027-12-31',6000.00,100000.00,NULL,48895343,16),(787,'2021-07-01','2028-12-31',78000.00,1300000.00,NULL,48895344,16),(788,'2024-07-18','2027-12-31',240000.00,4000000.00,NULL,48895345,16),(789,'2024-08-21','2026-12-31',180000.00,3000000.00,NULL,48895346,16),(790,'2020-01-01','2025-12-31',240000.00,4000000.00,NULL,48895347,16),(791,'2025-07-24','2026-12-31',180000.00,3000000.00,NULL,48895348,16),(792,'2025-01-30','2025-12-31',120000.00,2000000.00,NULL,48895349,16),(793,'2024-01-11','2025-12-31',60000.00,1000000.00,NULL,48895350,16),(794,'2020-08-10','2025-12-31',480000.00,8000000.00,NULL,48895351,16),(795,'2025-02-11','2025-12-31',300000.00,5000000.00,NULL,48895352,16),(796,'2025-01-04','2025-12-31',120000.00,2000000.00,NULL,48895353,16),(797,'2024-06-01','2025-12-31',72000.00,1200000.00,NULL,48895354,33),(798,'2025-07-23','2025-12-31',360000.00,6000000.00,NULL,48895355,33),(799,'2024-07-01','2025-12-31',6000.00,100000.00,NULL,48895356,33),(800,'2025-01-17','2025-12-31',480000.00,8000000.00,NULL,48895357,33),(801,'2024-01-01','2025-12-31',105000.00,1750000.00,NULL,48895358,33),(802,'2023-01-03','2025-12-31',60000.00,1000000.00,NULL,48895359,33),(803,'2024-06-10','2025-12-31',15000.00,250000.00,NULL,48895360,33),(804,'2025-11-12','2027-12-31',6000.00,100000.00,NULL,48895361,33),(805,'2023-01-01','2025-12-31',480000.00,8000000.00,NULL,48895362,33),(806,'2025-01-01','2026-05-12',360000.00,6000000.00,NULL,48895363,33),(807,'2025-01-20','2025-12-31',300000.00,5000000.00,NULL,48895364,33),(808,'2025-01-01','2026-12-31',60000.00,1000000.00,NULL,48895365,33),(809,'2023-01-01','2027-12-31',420000.00,7000000.00,NULL,48895366,33),(810,'2025-01-22','2025-12-31',420000.00,7000000.00,NULL,48895367,33),(811,'2025-02-15','2025-12-31',330000.00,5500000.00,NULL,48895368,33),(812,'2024-06-10','2025-12-31',120000.00,2000000.00,NULL,48895369,33),(813,'2024-07-01','2026-12-31',120000.00,2000000.00,NULL,48895370,33),(814,'2021-07-01','2025-12-31',45000.00,750000.00,NULL,48895371,33),(815,'2025-07-06','2026-12-31',75000.00,1250000.00,NULL,48895372,33),(816,'2025-07-06','2026-12-31',60000.00,1000000.00,NULL,48895373,33),(817,'2023-01-01','2026-12-31',135000.00,2250000.00,NULL,48895374,33),(818,'2025-01-09','2025-12-31',240000.00,4000000.00,NULL,48895375,33),(819,'2025-07-06','2026-12-31',240000.00,4000000.00,NULL,48895376,33),(820,'2025-11-12','2027-12-30',60000.00,1000000.00,NULL,48895377,33),(821,'2025-07-06','2026-12-31',72000.00,1200000.00,NULL,48895378,33),(822,'2025-07-06','2026-12-31',360000.00,6000000.00,NULL,48895379,33),(823,'2025-01-16','2025-12-31',300000.00,5000000.00,NULL,48895380,33),(824,'2024-01-17','2025-12-31',210000.00,3500000.00,NULL,48895381,33),(825,'2025-01-20','2025-12-31',120000.00,2000000.00,NULL,48895382,33),(826,'2025-07-06','2026-12-31',90000.00,1500000.00,NULL,48895383,33),(827,'2025-11-12','2026-05-12',30000.00,500000.00,NULL,48895384,33),(828,'2025-11-12','2028-06-30',6000.00,100000.00,NULL,48895385,33),(829,'2025-07-16','2026-12-31',150000.00,2500000.00,'2025-11-25',48895386,14),(830,'2024-01-10','2025-12-31',6000.00,100000.00,NULL,48895387,14),(831,'2025-01-01','2025-12-31',6000.00,100000.00,NULL,48895388,14),(832,'2024-02-02','2025-12-31',300000.00,5000000.00,NULL,48895389,14),(833,'2025-01-22','2025-12-31',210000.00,3500000.00,NULL,48895390,14),(834,'2025-01-31','2025-12-31',120000.00,2000000.00,NULL,48895391,14),(835,'2022-07-01','2025-12-31',105000.00,1750000.00,NULL,48895392,14),(836,'2025-07-17','2026-12-31',90000.00,1500000.00,NULL,48895393,14),(837,'2025-01-15','2025-12-31',60000.00,1000000.00,NULL,48895394,14),(838,'2024-01-19','2025-12-31',300000.00,5000000.00,NULL,48895395,14),(839,'2020-09-28','2025-12-31',300000.00,5000000.00,NULL,48895396,14),(840,'2024-07-01','2025-12-31',15000.00,250000.00,NULL,48895397,14),(841,'2024-01-31','2026-12-31',300000.00,5000000.00,NULL,48895398,14),(842,'2025-01-21','2025-12-31',195000.00,3250000.00,NULL,48895399,14),(843,'2024-01-19','2025-12-31',210000.00,3500000.00,NULL,48895400,14),(844,'2025-01-09','2025-12-31',15000.00,250000.00,NULL,48895401,14),(845,'2025-01-06','2025-12-31',420000.00,7000000.00,NULL,48895402,14),(846,'2025-07-06','2026-12-31',105000.00,1750000.00,NULL,48895403,14),(847,'2025-07-01','2027-12-31',45000.00,750000.00,NULL,48895404,14),(848,'2025-01-07','2025-12-31',108000.00,1800000.00,NULL,48895405,14),(849,'2025-01-24','2025-12-31',72000.00,1200000.00,NULL,48895406,14),(850,'2025-01-23','2025-12-31',90000.00,1500000.00,NULL,48895407,14),(851,'2025-11-12','2025-12-31',30000.00,500000.00,NULL,48895408,14),(852,'2025-01-23','2025-12-31',360000.00,6000000.00,NULL,48895409,14),(853,'2025-01-06','2025-12-31',165000.00,2750000.00,NULL,48895410,14),(854,'2025-01-13','2025-12-31',45000.00,750000.00,NULL,48895411,14),(855,'2024-01-15','2025-12-31',105000.00,1750000.00,NULL,48895412,14),(856,'2025-07-23','2026-12-31',480000.00,8000000.00,NULL,48895413,14),(857,'2025-07-23','2025-12-31',300000.00,5000000.00,NULL,48895414,14),(858,'2025-01-18','2025-12-31',180000.00,3000000.00,NULL,48895415,14),(859,'2024-01-01','2026-12-31',30000.00,500000.00,NULL,48895416,14),(860,'2025-07-23','2026-12-31',6000.00,100000.00,NULL,48895417,14),(861,'2024-01-01','2025-12-31',150000.00,2500000.00,NULL,48895418,32),(862,'2025-01-21','2025-12-31',120000.00,2000000.00,NULL,48895419,32),(863,'2023-01-06','2025-12-31',15000.00,250000.00,NULL,48895420,32),(864,'2024-01-10','2025-12-31',360000.00,6000000.00,NULL,48895421,32),(865,'2025-01-06','2025-12-31',135000.00,2250000.00,NULL,48895422,32),(866,'2025-01-16','2025-12-31',135000.00,2250000.00,NULL,48895423,32),(867,'2025-07-23','2026-12-31',105000.00,1750000.00,NULL,48895424,32),(868,'2025-01-15','2025-12-31',105000.00,1750000.00,NULL,48895425,32),(869,'2025-01-15','2025-12-31',135000.00,2250000.00,NULL,48895426,32),(870,'2025-07-10','2026-12-31',120000.00,2000000.00,NULL,48895427,32),(871,'2023-01-01','2025-12-31',6000.00,100000.00,NULL,48895428,32),(872,'2025-01-22','2025-12-31',210000.00,3500000.00,NULL,48895429,32),(873,'2023-01-01','2025-12-31',195000.00,3250000.00,NULL,48895430,32),(874,'2025-01-03','2025-12-31',210000.00,3500000.00,NULL,48895431,32),(875,'2023-01-01','2025-12-31',120000.00,2000000.00,NULL,48895432,32),(876,'2025-03-13','2025-12-31',15000.00,250000.00,NULL,48895433,32),(877,'2025-01-07','2025-12-31',180000.00,3000000.00,NULL,48895434,32),(878,'2024-01-20','2025-12-31',120000.00,2000000.00,NULL,48895435,32),(879,'2025-07-06','2026-12-31',300000.00,5000000.00,NULL,48895436,32),(880,'2022-01-01','2025-12-31',90000.00,1500000.00,NULL,48895437,32),(881,'2025-01-20','2025-12-31',120000.00,2000000.00,NULL,48895438,32),(882,'2022-01-12','2025-12-31',90000.00,1500000.00,NULL,48895439,32),(883,'2025-01-18','2025-12-31',90000.00,1500000.00,NULL,48895440,32),(884,'2025-11-12','2025-12-31',30000.00,500000.00,NULL,48895441,32),(885,'2025-07-06','2026-12-31',270000.00,4500000.00,NULL,48895442,32),(886,'2025-01-20','2025-12-31',150000.00,2500000.00,NULL,48895443,32),(887,'2025-01-03','2025-12-31',150000.00,2500000.00,NULL,48895444,32),(888,'2024-01-18','2025-12-31',270000.00,4500000.00,NULL,48895445,32),(889,'2025-07-18','2026-12-31',420000.00,7000000.00,NULL,48895446,32),(890,'2025-01-16','2025-12-31',165000.00,2750000.00,NULL,48895447,32),(891,'2025-01-03','2025-12-31',135000.00,2250000.00,NULL,48895448,32),(892,'2024-01-11','2025-12-31',15000.00,250000.00,NULL,48895449,32),(893,'2023-06-12','2026-12-31',60000.00,1000000.00,NULL,48895450,22),(894,'2025-01-08','2025-12-31',30000.00,500000.00,NULL,48895451,22),(895,'2024-09-05','2025-12-31',6000.00,100000.00,NULL,48895452,22),(896,'2025-07-06','2026-12-31',270000.00,4500000.00,NULL,48895453,22),(897,'2025-01-02','2025-12-31',270000.00,4500000.00,NULL,48895454,22),(898,'2025-01-01','2025-12-31',240000.00,4000000.00,NULL,48895455,22),(899,'2024-07-01','2025-12-31',240000.00,4000000.00,NULL,48895456,22),(900,'2025-01-02','2026-12-31',165000.00,2750000.00,NULL,48895457,22),(901,'2025-01-01','2025-12-31',75000.00,1250000.00,NULL,48895458,22),(902,'2017-08-19','2025-12-31',15000.00,250000.00,NULL,48895459,22),(903,'2022-06-15','2025-12-31',360000.00,6000000.00,NULL,48895460,22),(904,'2025-01-21','2026-12-31',180000.00,3000000.00,NULL,48895461,22),(905,'2024-07-17','2025-12-31',45000.00,750000.00,NULL,48895462,22),(906,'2019-01-01','2026-12-31',225000.00,3750000.00,NULL,48895463,22),(907,'2024-01-10','2025-12-31',120000.00,2000000.00,NULL,48895464,22),(908,'2025-01-01','2025-12-31',90000.00,1500000.00,NULL,48895465,22),(909,'2024-01-08','2028-12-31',150000.00,2500000.00,NULL,48895466,22),(910,'2023-01-01','2026-12-31',120000.00,2000000.00,NULL,48895467,22),(911,'2025-01-22','2025-12-31',30000.00,500000.00,NULL,48895468,22),(912,'2025-01-02','2025-12-31',15000.00,250000.00,NULL,48895469,22),(913,'2022-01-03','2025-12-31',15000.00,250000.00,NULL,48895470,22),(914,'2025-01-01','2025-12-31',15000.00,250000.00,NULL,48895471,22),(915,'2025-01-02','2026-12-31',6000.00,100000.00,NULL,48895472,22),(916,'2025-07-06','2026-12-31',6000.00,100000.00,NULL,48895473,22),(917,'2025-01-02','2026-12-31',30000.00,500000.00,NULL,48895474,22),(918,'2025-01-02','2025-12-31',135000.00,2250000.00,NULL,48895475,22),(919,'2025-07-06','2026-12-31',120000.00,2000000.00,NULL,48895476,22),(920,'2024-01-03','2025-12-31',360000.00,6000000.00,NULL,48895477,22),(921,'2024-07-05','2025-12-31',270000.00,4500000.00,NULL,48895478,22),(922,'2025-01-22','2028-12-31',240000.00,4000000.00,NULL,48895479,22),(923,'2024-01-01','2027-12-31',225000.00,3750000.00,NULL,48895480,22),(924,'2023-01-01','2025-12-31',75000.00,1250000.00,NULL,48895481,22),(925,'2025-01-01','2025-12-31',60000.00,1000000.00,NULL,48895482,22),(926,'2025-11-12','2099-12-12',400000.00,500000000.00,NULL,48894741,29),(927,'2025-11-25','2026-05-25',5000.00,10000.00,NULL,33333333,19),(928,'2025-11-25','2026-05-25',7000.00,15000.00,NULL,45656433,1),(929,'2025-11-25','2026-05-25',3000.00,8000.00,NULL,43399550,25),(930,'2025-11-25','2026-05-25',2500.00,6000.00,NULL,48895335,25),(931,'2025-11-25','2026-11-25',4000.00,11500.00,NULL,48895386,23),(932,'2025-11-25','2026-07-25',1500.00,3500.00,NULL,48895294,32),(933,'2025-11-25','2026-06-30',10000.00,15000.00,'2025-11-26',48894813,1),(934,'2025-11-26','2026-11-26',5000.00,NULL,NULL,24976295,5),(935,'2025-11-26','2026-06-26',2000.00,3500.00,NULL,30354328,40),(936,'2025-11-26','2026-06-30',3500.00,5000.00,NULL,14201845,9),(937,'2025-11-26','2026-11-26',5000.00,8000.00,NULL,48894813,23);
/*!40000 ALTER TABLE `contract` ENABLE KEYS */;
UNLOCK TABLES;

--
-- Table structure for table `match`
--

DROP TABLE IF EXISTS `match`;
/*!40101 SET @saved_cs_client     = @@character_set_client */;
/*!50503 SET character_set_client = utf8mb4 */;
CREATE TABLE `match` (
  `id` int NOT NULL AUTO_INCREMENT,
  `id_home` int NOT NULL,
  `id_away` int NOT NULL,
  `id_tournament` int NOT NULL,
  `home_goals` int DEFAULT NULL,
  `away_goals` int DEFAULT NULL,
  `matchday` int DEFAULT NULL,
  `date` datetime NOT NULL,
  PRIMARY KEY (`id`),
  KEY `fk_match_home` (`id_home`),
  KEY `fk_match_away` (`id_away`),
  KEY `fk_match_tournament` (`id_tournament`),
  CONSTRAINT `fk_match_away` FOREIGN KEY (`id_away`) REFERENCES `club` (`id`) ON DELETE RESTRICT ON UPDATE CASCADE,
  CONSTRAINT `fk_match_home` FOREIGN KEY (`id_home`) REFERENCES `club` (`id`) ON DELETE RESTRICT ON UPDATE CASCADE,
  CONSTRAINT `fk_match_tournament` FOREIGN KEY (`id_tournament`) REFERENCES `tournament` (`id`) ON DELETE RESTRICT ON UPDATE CASCADE
) ENGINE=InnoDB AUTO_INCREMENT=3169 DEFAULT CHARSET=utf8mb4 COLLATE=utf8mb4_0900_ai_ci;
/*!40101 SET character_set_client = @saved_cs_client */;

--
-- Dumping data for table `match`
--

LOCK TABLES `match` WRITE;
/*!40000 ALTER TABLE `match` DISABLE KEYS */;
INSERT INTO `match` VALUES (2641,15,40,14,NULL,NULL,1,'2025-12-05 16:00:00'),(2642,14,41,14,NULL,NULL,1,'2025-12-05 18:00:00'),(2643,9,42,14,NULL,NULL,1,'2025-12-05 20:00:00'),(2644,5,46,14,NULL,NULL,1,'2025-12-05 22:00:00'),(2645,20,35,14,NULL,NULL,1,'2025-12-06 14:00:00'),(2646,19,36,14,NULL,NULL,1,'2025-12-06 16:00:00'),(2647,18,37,14,NULL,NULL,1,'2025-12-06 18:00:00'),(2648,17,38,14,NULL,NULL,1,'2025-12-06 20:00:00'),(2649,16,39,14,NULL,NULL,1,'2025-12-06 22:00:00'),(2650,21,34,14,NULL,NULL,1,'2025-12-06 22:00:00'),(2651,26,29,14,NULL,NULL,1,'2025-12-07 14:00:00'),(2652,25,30,14,NULL,NULL,1,'2025-12-07 16:00:00'),(2653,24,31,14,NULL,NULL,1,'2025-12-07 18:00:00'),(2654,23,32,14,NULL,NULL,1,'2025-12-07 20:00:00'),(2655,22,33,14,NULL,NULL,1,'2025-12-07 22:00:00'),(2656,27,28,14,NULL,NULL,1,'2025-12-07 22:00:00'),(2657,39,14,14,NULL,NULL,2,'2025-12-12 16:00:00'),(2658,40,9,14,NULL,NULL,2,'2025-12-12 18:00:00'),(2659,41,5,14,NULL,NULL,2,'2025-12-12 20:00:00'),(2660,46,1,14,NULL,NULL,2,'2025-12-12 22:00:00'),(2661,34,19,14,NULL,NULL,2,'2025-12-13 14:00:00'),(2662,35,18,14,NULL,NULL,2,'2025-12-13 16:00:00'),(2663,36,17,14,NULL,NULL,2,'2025-12-13 18:00:00'),(2664,37,16,14,NULL,NULL,2,'2025-12-13 20:00:00'),(2665,38,15,14,NULL,NULL,2,'2025-12-13 22:00:00'),(2666,33,20,14,NULL,NULL,2,'2025-12-13 22:00:00'),(2667,28,25,14,NULL,NULL,2,'2025-12-14 14:00:00'),(2668,29,24,14,NULL,NULL,2,'2025-12-14 16:00:00'),(2669,30,23,14,NULL,NULL,2,'2025-12-14 18:00:00'),(2670,31,22,14,NULL,NULL,2,'2025-12-14 20:00:00'),(2671,32,21,14,NULL,NULL,2,'2025-12-14 22:00:00'),(2672,27,26,14,NULL,NULL,2,'2025-12-14 22:00:00'),(2673,9,38,14,NULL,NULL,3,'2025-12-19 16:00:00'),(2674,5,39,14,NULL,NULL,3,'2025-12-19 18:00:00'),(2675,46,41,14,NULL,NULL,3,'2025-12-19 20:00:00'),(2676,1,42,14,NULL,NULL,3,'2025-12-19 22:00:00'),(2677,18,33,14,NULL,NULL,3,'2025-12-20 14:00:00'),(2678,17,34,14,NULL,NULL,3,'2025-12-20 16:00:00'),(2679,16,35,14,NULL,NULL,3,'2025-12-20 18:00:00'),(2680,15,36,14,NULL,NULL,3,'2025-12-20 20:00:00'),(2681,14,37,14,NULL,NULL,3,'2025-12-20 22:00:00'),(2682,19,32,14,NULL,NULL,3,'2025-12-20 22:00:00'),(2683,24,27,14,NULL,NULL,3,'2025-12-21 14:00:00'),(2684,23,28,14,NULL,NULL,3,'2025-12-21 16:00:00'),(2685,22,29,14,NULL,NULL,3,'2025-12-21 18:00:00'),(2686,21,30,14,NULL,NULL,3,'2025-12-21 20:00:00'),(2687,20,31,14,NULL,NULL,3,'2025-12-21 22:00:00'),(2688,25,26,14,NULL,NULL,3,'2025-12-21 22:00:00'),(2689,37,5,14,NULL,NULL,4,'2025-12-26 16:00:00'),(2690,39,46,14,NULL,NULL,4,'2025-12-26 18:00:00'),(2691,40,42,14,NULL,NULL,4,'2025-12-26 20:00:00'),(2692,41,1,14,NULL,NULL,4,'2025-12-26 22:00:00'),(2693,32,17,14,NULL,NULL,4,'2025-12-27 14:00:00'),(2694,33,16,14,NULL,NULL,4,'2025-12-27 16:00:00'),(2695,34,15,14,NULL,NULL,4,'2025-12-27 18:00:00'),(2696,35,14,14,NULL,NULL,4,'2025-12-27 20:00:00'),(2697,36,9,14,NULL,NULL,4,'2025-12-27 22:00:00'),(2698,31,18,14,NULL,NULL,4,'2025-12-27 22:00:00'),(2699,26,23,14,NULL,NULL,4,'2025-12-28 14:00:00'),(2700,27,22,14,NULL,NULL,4,'2025-12-28 16:00:00'),(2701,28,21,14,NULL,NULL,4,'2025-12-28 18:00:00'),(2702,29,20,14,NULL,NULL,4,'2025-12-28 20:00:00'),(2703,30,19,14,NULL,NULL,4,'2025-12-28 22:00:00'),(2704,25,24,14,NULL,NULL,4,'2025-12-28 22:00:00'),(2705,46,37,14,NULL,NULL,5,'2026-01-02 16:00:00'),(2706,42,38,14,NULL,NULL,5,'2026-01-02 18:00:00'),(2707,41,39,14,NULL,NULL,5,'2026-01-02 20:00:00'),(2708,1,40,14,NULL,NULL,5,'2026-01-02 22:00:00'),(2709,16,31,14,NULL,NULL,5,'2026-01-03 14:00:00'),(2710,15,32,14,NULL,NULL,5,'2026-01-03 16:00:00'),(2711,14,33,14,NULL,NULL,5,'2026-01-03 18:00:00'),(2712,9,34,14,NULL,NULL,5,'2026-01-03 20:00:00'),(2713,5,35,14,NULL,NULL,5,'2026-01-03 22:00:00'),(2714,17,30,14,NULL,NULL,5,'2026-01-03 22:00:00'),(2715,22,25,14,NULL,NULL,5,'2026-01-04 14:00:00'),(2716,21,26,14,NULL,NULL,5,'2026-01-04 16:00:00'),(2717,20,27,14,NULL,NULL,5,'2026-01-04 18:00:00'),(2718,19,28,14,NULL,NULL,5,'2026-01-04 20:00:00'),(2719,18,29,14,NULL,NULL,5,'2026-01-04 22:00:00'),(2720,23,24,14,NULL,NULL,5,'2026-01-04 22:00:00'),(2721,36,42,14,NULL,NULL,6,'2026-01-09 16:00:00'),(2722,37,41,14,NULL,NULL,6,'2026-01-09 18:00:00'),(2723,38,40,14,NULL,NULL,6,'2026-01-09 20:00:00'),(2724,39,1,14,NULL,NULL,6,'2026-01-09 22:00:00'),(2725,30,15,14,NULL,NULL,6,'2026-01-10 14:00:00'),(2726,31,14,14,NULL,NULL,6,'2026-01-10 16:00:00'),(2727,32,9,14,NULL,NULL,6,'2026-01-10 18:00:00'),(2728,33,5,14,NULL,NULL,6,'2026-01-10 20:00:00'),(2729,35,46,14,NULL,NULL,6,'2026-01-10 22:00:00'),(2730,29,16,14,NULL,NULL,6,'2026-01-10 22:00:00'),(2731,24,21,14,NULL,NULL,6,'2026-01-11 14:00:00'),(2732,25,20,14,NULL,NULL,6,'2026-01-11 16:00:00'),(2733,26,19,14,NULL,NULL,6,'2026-01-11 18:00:00'),(2734,27,18,14,NULL,NULL,6,'2026-01-11 20:00:00'),(2735,28,17,14,NULL,NULL,6,'2026-01-11 22:00:00'),(2736,23,22,14,NULL,NULL,6,'2026-01-11 22:00:00'),(2737,41,35,14,NULL,NULL,7,'2026-01-16 16:00:00'),(2738,40,36,14,NULL,NULL,7,'2026-01-16 18:00:00'),(2739,39,37,14,NULL,NULL,7,'2026-01-16 20:00:00'),(2740,1,38,14,NULL,NULL,7,'2026-01-16 22:00:00'),(2741,14,29,14,NULL,NULL,7,'2026-01-17 14:00:00'),(2742,9,30,14,NULL,NULL,7,'2026-01-17 16:00:00'),(2743,5,31,14,NULL,NULL,7,'2026-01-17 18:00:00'),(2744,46,33,14,NULL,NULL,7,'2026-01-17 20:00:00'),(2745,42,34,14,NULL,NULL,7,'2026-01-17 22:00:00'),(2746,15,28,14,NULL,NULL,7,'2026-01-17 22:00:00'),(2747,20,23,14,NULL,NULL,7,'2026-01-18 14:00:00'),(2748,19,24,14,NULL,NULL,7,'2026-01-18 16:00:00'),(2749,18,25,14,NULL,NULL,7,'2026-01-18 18:00:00'),(2750,17,26,14,NULL,NULL,7,'2026-01-18 20:00:00'),(2751,16,27,14,NULL,NULL,7,'2026-01-18 22:00:00'),(2752,21,22,14,NULL,NULL,7,'2026-01-18 22:00:00'),(2753,34,40,14,NULL,NULL,8,'2026-01-23 16:00:00'),(2754,35,39,14,NULL,NULL,8,'2026-01-23 18:00:00'),(2755,36,38,14,NULL,NULL,8,'2026-01-23 20:00:00'),(2756,37,1,14,NULL,NULL,8,'2026-01-23 22:00:00'),(2757,28,9,14,NULL,NULL,8,'2026-01-24 14:00:00'),(2758,29,5,14,NULL,NULL,8,'2026-01-24 16:00:00'),(2759,31,46,14,NULL,NULL,8,'2026-01-24 18:00:00'),(2760,32,42,14,NULL,NULL,8,'2026-01-24 20:00:00'),(2761,33,41,14,NULL,NULL,8,'2026-01-24 22:00:00'),(2762,27,14,14,NULL,NULL,8,'2026-01-24 22:00:00'),(2763,22,19,14,NULL,NULL,8,'2026-01-25 14:00:00'),(2764,23,18,14,NULL,NULL,8,'2026-01-25 16:00:00'),(2765,24,17,14,NULL,NULL,8,'2026-01-25 18:00:00'),(2766,25,16,14,NULL,NULL,8,'2026-01-25 20:00:00'),(2767,26,15,14,NULL,NULL,8,'2026-01-25 22:00:00'),(2768,21,20,14,NULL,NULL,8,'2026-01-25 22:00:00'),(2769,39,33,14,NULL,NULL,9,'2026-01-30 16:00:00'),(2770,38,34,14,NULL,NULL,9,'2026-01-30 18:00:00'),(2771,37,35,14,NULL,NULL,9,'2026-01-30 20:00:00'),(2772,1,36,14,NULL,NULL,9,'2026-01-30 22:00:00'),(2773,5,27,14,NULL,NULL,9,'2026-01-31 14:00:00'),(2774,46,29,14,NULL,NULL,9,'2026-01-31 16:00:00'),(2775,42,30,14,NULL,NULL,9,'2026-01-31 18:00:00'),(2776,41,31,14,NULL,NULL,9,'2026-01-31 20:00:00'),(2777,40,32,14,NULL,NULL,9,'2026-01-31 22:00:00'),(2778,9,26,14,NULL,NULL,9,'2026-01-31 22:00:00'),(2779,18,21,14,NULL,NULL,9,'2026-02-01 14:00:00'),(2780,17,22,14,NULL,NULL,9,'2026-02-01 16:00:00'),(2781,16,23,14,NULL,NULL,9,'2026-02-01 18:00:00'),(2782,15,24,14,NULL,NULL,9,'2026-02-01 20:00:00'),(2783,14,25,14,NULL,NULL,9,'2026-02-01 22:00:00'),(2784,19,20,14,NULL,NULL,9,'2026-02-01 22:00:00'),(2785,32,38,14,NULL,NULL,10,'2026-02-06 16:00:00'),(2786,33,37,14,NULL,NULL,10,'2026-02-06 18:00:00'),(2787,34,36,14,NULL,NULL,10,'2026-02-06 20:00:00'),(2788,35,1,14,NULL,NULL,10,'2026-02-06 22:00:00'),(2789,27,46,14,NULL,NULL,10,'2026-02-07 14:00:00'),(2790,28,42,14,NULL,NULL,10,'2026-02-07 16:00:00'),(2791,29,41,14,NULL,NULL,10,'2026-02-07 18:00:00'),(2792,30,40,14,NULL,NULL,10,'2026-02-07 20:00:00'),(2793,31,39,14,NULL,NULL,10,'2026-02-07 22:00:00'),(2794,25,5,14,NULL,NULL,10,'2026-02-07 22:00:00'),(2795,20,17,14,NULL,NULL,10,'2026-02-08 14:00:00'),(2796,21,16,14,NULL,NULL,10,'2026-02-08 16:00:00'),(2797,22,15,14,NULL,NULL,10,'2026-02-08 18:00:00'),(2798,23,14,14,NULL,NULL,10,'2026-02-08 20:00:00'),(2799,24,9,14,NULL,NULL,10,'2026-02-08 22:00:00'),(2800,19,18,14,NULL,NULL,10,'2026-02-08 22:00:00'),(2801,37,31,14,NULL,NULL,11,'2026-02-13 16:00:00'),(2802,36,32,14,NULL,NULL,11,'2026-02-13 18:00:00'),(2803,35,33,14,NULL,NULL,11,'2026-02-13 20:00:00'),(2804,1,34,14,NULL,NULL,11,'2026-02-13 22:00:00'),(2805,42,26,14,NULL,NULL,11,'2026-02-14 14:00:00'),(2806,41,27,14,NULL,NULL,11,'2026-02-14 16:00:00'),(2807,40,28,14,NULL,NULL,11,'2026-02-14 18:00:00'),(2808,39,29,14,NULL,NULL,11,'2026-02-14 20:00:00'),(2809,38,30,14,NULL,NULL,11,'2026-02-14 22:00:00'),(2810,46,25,14,NULL,NULL,11,'2026-02-14 22:00:00'),(2811,16,19,14,NULL,NULL,11,'2026-02-15 14:00:00'),(2812,15,20,14,NULL,NULL,11,'2026-02-15 16:00:00'),(2813,14,21,14,NULL,NULL,11,'2026-02-15 18:00:00'),(2814,9,22,14,NULL,NULL,11,'2026-02-15 20:00:00'),(2815,5,23,14,NULL,NULL,11,'2026-02-15 22:00:00'),(2816,17,18,14,NULL,NULL,11,'2026-02-15 22:00:00'),(2817,30,36,14,NULL,NULL,12,'2026-02-20 16:00:00'),(2818,31,35,14,NULL,NULL,12,'2026-02-20 18:00:00'),(2819,32,34,14,NULL,NULL,12,'2026-02-20 20:00:00'),(2820,33,1,14,NULL,NULL,12,'2026-02-20 22:00:00'),(2821,25,41,14,NULL,NULL,12,'2026-02-21 14:00:00'),(2822,26,40,14,NULL,NULL,12,'2026-02-21 16:00:00'),(2823,27,39,14,NULL,NULL,12,'2026-02-21 18:00:00'),(2824,28,38,14,NULL,NULL,12,'2026-02-21 20:00:00'),(2825,29,37,14,NULL,NULL,12,'2026-02-21 22:00:00'),(2826,24,42,14,NULL,NULL,12,'2026-02-21 22:00:00'),(2827,18,15,14,NULL,NULL,12,'2026-02-22 14:00:00'),(2828,19,14,14,NULL,NULL,12,'2026-02-22 16:00:00'),(2829,20,9,14,NULL,NULL,12,'2026-02-22 18:00:00'),(2830,21,5,14,NULL,NULL,12,'2026-02-22 20:00:00'),(2831,23,46,14,NULL,NULL,12,'2026-02-22 22:00:00'),(2832,17,16,14,NULL,NULL,12,'2026-02-22 22:00:00'),(2833,35,29,14,NULL,NULL,13,'2026-02-27 16:00:00'),(2834,34,30,14,NULL,NULL,13,'2026-02-27 18:00:00'),(2835,33,31,14,NULL,NULL,13,'2026-02-27 20:00:00'),(2836,1,32,14,NULL,NULL,13,'2026-02-27 22:00:00'),(2837,40,24,14,NULL,NULL,13,'2026-02-28 14:00:00'),(2838,39,25,14,NULL,NULL,13,'2026-02-28 16:00:00'),(2839,38,26,14,NULL,NULL,13,'2026-02-28 18:00:00'),(2840,37,27,14,NULL,NULL,13,'2026-02-28 20:00:00'),(2841,36,28,14,NULL,NULL,13,'2026-02-28 22:00:00'),(2842,41,23,14,NULL,NULL,13,'2026-02-28 22:00:00'),(2843,14,17,14,NULL,NULL,13,'2026-03-01 14:00:00'),(2844,9,18,14,NULL,NULL,13,'2026-03-01 16:00:00'),(2845,5,19,14,NULL,NULL,13,'2026-03-01 18:00:00'),(2846,46,21,14,NULL,NULL,13,'2026-03-01 20:00:00'),(2847,42,22,14,NULL,NULL,13,'2026-03-01 22:00:00'),(2848,15,16,14,NULL,NULL,13,'2026-03-01 22:00:00'),(2849,28,34,14,NULL,NULL,14,'2026-03-06 16:00:00'),(2850,29,33,14,NULL,NULL,14,'2026-03-06 18:00:00'),(2851,30,32,14,NULL,NULL,14,'2026-03-06 20:00:00'),(2852,31,1,14,NULL,NULL,14,'2026-03-06 22:00:00'),(2853,23,39,14,NULL,NULL,14,'2026-03-07 14:00:00'),(2854,24,38,14,NULL,NULL,14,'2026-03-07 16:00:00'),(2855,25,37,14,NULL,NULL,14,'2026-03-07 18:00:00'),(2856,26,36,14,NULL,NULL,14,'2026-03-07 20:00:00'),(2857,27,35,14,NULL,NULL,14,'2026-03-07 22:00:00'),(2858,22,40,14,NULL,NULL,14,'2026-03-07 22:00:00'),(2859,16,9,14,NULL,NULL,14,'2026-03-08 14:00:00'),(2860,17,5,14,NULL,NULL,14,'2026-03-08 16:00:00'),(2861,19,46,14,NULL,NULL,14,'2026-03-08 18:00:00'),(2862,20,42,14,NULL,NULL,14,'2026-03-08 20:00:00'),(2863,21,41,14,NULL,NULL,14,'2026-03-08 22:00:00'),(2864,15,14,14,NULL,NULL,14,'2026-03-08 22:00:00'),(2865,33,27,14,NULL,NULL,15,'2026-03-13 16:00:00'),(2866,32,28,14,NULL,NULL,15,'2026-03-13 18:00:00'),(2867,31,29,14,NULL,NULL,15,'2026-03-13 20:00:00'),(2868,1,30,14,NULL,NULL,15,'2026-03-13 22:00:00'),(2869,38,22,14,NULL,NULL,15,'2026-03-14 14:00:00'),(2870,37,23,14,NULL,NULL,15,'2026-03-14 16:00:00'),(2871,36,24,14,NULL,NULL,15,'2026-03-14 18:00:00'),(2872,35,25,14,NULL,NULL,15,'2026-03-14 20:00:00'),(2873,34,26,14,NULL,NULL,15,'2026-03-14 22:00:00'),(2874,39,21,14,NULL,NULL,15,'2026-03-14 22:00:00'),(2875,5,15,14,NULL,NULL,15,'2026-03-15 14:00:00'),(2876,46,17,14,NULL,NULL,15,'2026-03-15 16:00:00'),(2877,42,18,14,NULL,NULL,15,'2026-03-15 18:00:00'),(2878,41,19,14,NULL,NULL,15,'2026-03-15 20:00:00'),(2879,40,20,14,NULL,NULL,15,'2026-03-15 22:00:00'),(2880,9,14,14,NULL,NULL,15,'2026-03-15 22:00:00'),(2881,26,32,14,NULL,NULL,16,'2026-03-20 16:00:00'),(2882,27,31,14,NULL,NULL,16,'2026-03-20 18:00:00'),(2883,28,30,14,NULL,NULL,16,'2026-03-20 20:00:00'),(2884,29,1,14,NULL,NULL,16,'2026-03-20 22:00:00'),(2885,21,37,14,NULL,NULL,16,'2026-03-21 14:00:00'),(2886,22,36,14,NULL,NULL,16,'2026-03-21 16:00:00'),(2887,23,35,14,NULL,NULL,16,'2026-03-21 18:00:00'),(2888,24,34,14,NULL,NULL,16,'2026-03-21 20:00:00'),(2889,25,33,14,NULL,NULL,16,'2026-03-21 22:00:00'),(2890,20,38,14,NULL,NULL,16,'2026-03-21 22:00:00'),(2891,15,46,14,NULL,NULL,16,'2026-03-22 14:00:00'),(2892,16,42,14,NULL,NULL,16,'2026-03-22 16:00:00'),(2893,17,41,14,NULL,NULL,16,'2026-03-22 18:00:00'),(2894,18,40,14,NULL,NULL,16,'2026-03-22 20:00:00'),(2895,19,39,14,NULL,NULL,16,'2026-03-22 22:00:00'),(2896,9,5,14,NULL,NULL,16,'2026-03-22 22:00:00'),(2897,31,25,14,NULL,NULL,17,'2026-03-27 16:00:00'),(2898,30,26,14,NULL,NULL,17,'2026-03-27 18:00:00'),(2899,29,27,14,NULL,NULL,17,'2026-03-27 20:00:00'),(2900,1,28,14,NULL,NULL,17,'2026-03-27 22:00:00'),(2901,36,20,14,NULL,NULL,17,'2026-03-28 14:00:00'),(2902,35,21,14,NULL,NULL,17,'2026-03-28 16:00:00'),(2903,34,22,14,NULL,NULL,17,'2026-03-28 18:00:00'),(2904,33,23,14,NULL,NULL,17,'2026-03-28 20:00:00'),(2905,32,24,14,NULL,NULL,17,'2026-03-28 22:00:00'),(2906,37,19,14,NULL,NULL,17,'2026-03-28 22:00:00'),(2907,42,14,14,NULL,NULL,17,'2026-03-29 14:00:00'),(2908,41,15,14,NULL,NULL,17,'2026-03-29 16:00:00'),(2909,40,16,14,NULL,NULL,17,'2026-03-29 18:00:00'),(2910,39,17,14,NULL,NULL,17,'2026-03-29 20:00:00'),(2911,38,18,14,NULL,NULL,17,'2026-03-29 22:00:00'),(2912,46,9,14,NULL,NULL,17,'2026-03-29 22:00:00'),(2913,24,30,14,NULL,NULL,18,'2026-04-03 16:00:00'),(2914,25,29,14,NULL,NULL,18,'2026-04-03 18:00:00'),(2915,26,28,14,NULL,NULL,18,'2026-04-03 20:00:00'),(2916,27,1,14,NULL,NULL,18,'2026-04-03 22:00:00'),(2917,19,35,14,NULL,NULL,18,'2026-04-04 14:00:00'),(2918,20,34,14,NULL,NULL,18,'2026-04-04 16:00:00'),(2919,21,33,14,NULL,NULL,18,'2026-04-04 18:00:00'),(2920,22,32,14,NULL,NULL,18,'2026-04-04 20:00:00'),(2921,23,31,14,NULL,NULL,18,'2026-04-04 22:00:00'),(2922,18,36,14,NULL,NULL,18,'2026-04-04 22:00:00'),(2923,9,41,14,NULL,NULL,18,'2026-04-05 14:00:00'),(2924,14,40,14,NULL,NULL,18,'2026-04-05 16:00:00'),(2925,15,39,14,NULL,NULL,18,'2026-04-05 18:00:00'),(2926,16,38,14,NULL,NULL,18,'2026-04-05 20:00:00'),(2927,17,37,14,NULL,NULL,18,'2026-04-05 22:00:00'),(2928,5,42,14,NULL,NULL,18,'2026-04-05 22:00:00'),(2929,29,23,14,NULL,NULL,19,'2026-04-10 16:00:00'),(2930,28,24,14,NULL,NULL,19,'2026-04-10 18:00:00'),(2931,27,25,14,NULL,NULL,19,'2026-04-10 20:00:00'),(2932,1,26,14,NULL,NULL,19,'2026-04-10 22:00:00'),(2933,34,18,14,NULL,NULL,19,'2026-04-11 14:00:00'),(2934,33,19,14,NULL,NULL,19,'2026-04-11 16:00:00'),(2935,32,20,14,NULL,NULL,19,'2026-04-11 18:00:00'),(2936,31,21,14,NULL,NULL,19,'2026-04-11 20:00:00'),(2937,30,22,14,NULL,NULL,19,'2026-04-11 22:00:00'),(2938,35,17,14,NULL,NULL,19,'2026-04-11 22:00:00'),(2939,40,5,14,NULL,NULL,19,'2026-04-12 14:00:00'),(2940,39,9,14,NULL,NULL,19,'2026-04-12 16:00:00'),(2941,38,14,14,NULL,NULL,19,'2026-04-12 18:00:00'),(2942,37,15,14,NULL,NULL,19,'2026-04-12 20:00:00'),(2943,36,16,14,NULL,NULL,19,'2026-04-12 22:00:00'),(2944,42,46,14,NULL,NULL,19,'2026-04-12 22:00:00'),(2945,22,28,14,NULL,NULL,20,'2026-04-17 16:00:00'),(2946,23,27,14,NULL,NULL,20,'2026-04-17 18:00:00'),(2947,24,26,14,NULL,NULL,20,'2026-04-17 20:00:00'),(2948,25,1,14,NULL,NULL,20,'2026-04-17 22:00:00'),(2949,17,33,14,NULL,NULL,20,'2026-04-18 14:00:00'),(2950,18,32,14,NULL,NULL,20,'2026-04-18 16:00:00'),(2951,19,31,14,NULL,NULL,20,'2026-04-18 18:00:00'),(2952,20,30,14,NULL,NULL,20,'2026-04-18 20:00:00'),(2953,21,29,14,NULL,NULL,20,'2026-04-18 22:00:00'),(2954,16,34,14,NULL,NULL,20,'2026-04-18 22:00:00'),(2955,46,40,14,NULL,NULL,20,'2026-04-19 14:00:00'),(2956,5,38,14,NULL,NULL,20,'2026-04-19 16:00:00'),(2957,9,37,14,NULL,NULL,20,'2026-04-19 18:00:00'),(2958,14,36,14,NULL,NULL,20,'2026-04-19 20:00:00'),(2959,15,35,14,NULL,NULL,20,'2026-04-19 22:00:00'),(2960,42,41,14,NULL,NULL,20,'2026-04-19 22:00:00'),(2961,27,21,14,NULL,NULL,21,'2026-04-24 16:00:00'),(2962,26,22,14,NULL,NULL,21,'2026-04-24 18:00:00'),(2963,25,23,14,NULL,NULL,21,'2026-04-24 20:00:00'),(2964,1,24,14,NULL,NULL,21,'2026-04-24 22:00:00'),(2965,32,16,14,NULL,NULL,21,'2026-04-25 14:00:00'),(2966,31,17,14,NULL,NULL,21,'2026-04-25 16:00:00'),(2967,30,18,14,NULL,NULL,21,'2026-04-25 18:00:00'),(2968,29,19,14,NULL,NULL,21,'2026-04-25 20:00:00'),(2969,28,20,14,NULL,NULL,21,'2026-04-25 22:00:00'),(2970,33,15,14,NULL,NULL,21,'2026-04-25 22:00:00'),(2971,39,42,14,NULL,NULL,21,'2026-04-26 14:00:00'),(2972,38,46,14,NULL,NULL,21,'2026-04-26 16:00:00'),(2973,36,5,14,NULL,NULL,21,'2026-04-26 18:00:00'),(2974,35,9,14,NULL,NULL,21,'2026-04-26 20:00:00'),(2975,34,14,14,NULL,NULL,21,'2026-04-26 22:00:00'),(2976,40,41,14,NULL,NULL,21,'2026-04-26 22:00:00'),(2977,20,26,14,NULL,NULL,22,'2026-05-01 16:00:00'),(2978,21,25,14,NULL,NULL,22,'2026-05-01 18:00:00'),(2979,22,24,14,NULL,NULL,22,'2026-05-01 20:00:00'),(2980,23,1,14,NULL,NULL,22,'2026-05-01 22:00:00'),(2981,15,31,14,NULL,NULL,22,'2026-05-02 14:00:00'),(2982,16,30,14,NULL,NULL,22,'2026-05-02 16:00:00'),(2983,17,29,14,NULL,NULL,22,'2026-05-02 18:00:00'),(2984,18,28,14,NULL,NULL,22,'2026-05-02 20:00:00'),(2985,19,27,14,NULL,NULL,22,'2026-05-02 22:00:00'),(2986,14,32,14,NULL,NULL,22,'2026-05-02 22:00:00'),(2987,41,38,14,NULL,NULL,22,'2026-05-03 14:00:00'),(2988,42,37,14,NULL,NULL,22,'2026-05-03 16:00:00'),(2989,46,36,14,NULL,NULL,22,'2026-05-03 18:00:00'),(2990,5,34,14,NULL,NULL,22,'2026-05-03 20:00:00'),(2991,9,33,14,NULL,NULL,22,'2026-05-03 22:00:00'),(2992,40,39,14,NULL,NULL,22,'2026-05-03 22:00:00'),(2993,25,19,14,NULL,NULL,23,'2026-05-08 16:00:00'),(2994,24,20,14,NULL,NULL,23,'2026-05-08 18:00:00'),(2995,23,21,14,NULL,NULL,23,'2026-05-08 20:00:00'),(2996,1,22,14,NULL,NULL,23,'2026-05-08 22:00:00'),(2997,30,14,14,NULL,NULL,23,'2026-05-09 14:00:00'),(2998,29,15,14,NULL,NULL,23,'2026-05-09 16:00:00'),(2999,28,16,14,NULL,NULL,23,'2026-05-09 18:00:00'),(3000,27,17,14,NULL,NULL,23,'2026-05-09 20:00:00'),(3001,26,18,14,NULL,NULL,23,'2026-05-09 22:00:00'),(3002,31,9,14,NULL,NULL,23,'2026-05-09 22:00:00'),(3003,37,40,14,NULL,NULL,23,'2026-05-10 14:00:00'),(3004,36,41,14,NULL,NULL,23,'2026-05-10 16:00:00'),(3005,35,42,14,NULL,NULL,23,'2026-05-10 18:00:00'),(3006,34,46,14,NULL,NULL,23,'2026-05-10 20:00:00'),(3007,32,5,14,NULL,NULL,23,'2026-05-10 22:00:00'),(3008,38,39,14,NULL,NULL,23,'2026-05-10 22:00:00'),(3009,18,24,14,NULL,NULL,24,'2026-05-15 16:00:00'),(3010,19,23,14,NULL,NULL,24,'2026-05-15 18:00:00'),(3011,20,22,14,NULL,NULL,24,'2026-05-15 20:00:00'),(3012,21,1,14,NULL,NULL,24,'2026-05-15 22:00:00'),(3013,9,29,14,NULL,NULL,24,'2026-05-16 14:00:00'),(3014,14,28,14,NULL,NULL,24,'2026-05-16 16:00:00'),(3015,15,27,14,NULL,NULL,24,'2026-05-16 18:00:00'),(3016,16,26,14,NULL,NULL,24,'2026-05-16 20:00:00'),(3017,17,25,14,NULL,NULL,24,'2026-05-16 22:00:00'),(3018,5,30,14,NULL,NULL,24,'2026-05-16 22:00:00'),(3019,39,36,14,NULL,NULL,24,'2026-05-17 14:00:00'),(3020,40,35,14,NULL,NULL,24,'2026-05-17 16:00:00'),(3021,41,34,14,NULL,NULL,24,'2026-05-17 18:00:00'),(3022,42,33,14,NULL,NULL,24,'2026-05-17 20:00:00'),(3023,46,32,14,NULL,NULL,24,'2026-05-17 22:00:00'),(3024,38,37,14,NULL,NULL,24,'2026-05-17 22:00:00'),(3025,23,17,14,NULL,NULL,25,'2026-05-22 16:00:00'),(3026,22,18,14,NULL,NULL,25,'2026-05-22 18:00:00'),(3027,21,19,14,NULL,NULL,25,'2026-05-22 20:00:00'),(3028,1,20,14,NULL,NULL,25,'2026-05-22 22:00:00'),(3029,28,5,14,NULL,NULL,25,'2026-05-23 14:00:00'),(3030,27,9,14,NULL,NULL,25,'2026-05-23 16:00:00'),(3031,26,14,14,NULL,NULL,25,'2026-05-23 18:00:00'),(3032,25,15,14,NULL,NULL,25,'2026-05-23 20:00:00'),(3033,24,16,14,NULL,NULL,25,'2026-05-23 22:00:00'),(3034,30,46,14,NULL,NULL,25,'2026-05-23 22:00:00'),(3035,35,38,14,NULL,NULL,25,'2026-05-24 14:00:00'),(3036,34,39,14,NULL,NULL,25,'2026-05-24 16:00:00'),(3037,33,40,14,NULL,NULL,25,'2026-05-24 18:00:00'),(3038,32,41,14,NULL,NULL,25,'2026-05-24 20:00:00'),(3039,31,42,14,NULL,NULL,25,'2026-05-24 22:00:00'),(3040,36,37,14,NULL,NULL,25,'2026-05-24 22:00:00'),(3041,16,22,14,NULL,NULL,26,'2026-05-29 16:00:00'),(3042,17,21,14,NULL,NULL,26,'2026-05-29 18:00:00'),(3043,18,20,14,NULL,NULL,26,'2026-05-29 20:00:00'),(3044,19,1,14,NULL,NULL,26,'2026-05-29 22:00:00'),(3045,46,28,14,NULL,NULL,26,'2026-05-30 14:00:00'),(3046,5,26,14,NULL,NULL,26,'2026-05-30 16:00:00'),(3047,9,25,14,NULL,NULL,26,'2026-05-30 18:00:00'),(3048,14,24,14,NULL,NULL,26,'2026-05-30 20:00:00'),(3049,15,23,14,NULL,NULL,26,'2026-05-30 22:00:00'),(3050,42,29,14,NULL,NULL,26,'2026-05-30 22:00:00'),(3051,37,34,14,NULL,NULL,26,'2026-05-31 14:00:00'),(3052,38,33,14,NULL,NULL,26,'2026-05-31 16:00:00'),(3053,39,32,14,NULL,NULL,26,'2026-05-31 18:00:00'),(3054,40,31,14,NULL,NULL,26,'2026-05-31 20:00:00'),(3055,41,30,14,NULL,NULL,26,'2026-05-31 22:00:00'),(3056,36,35,14,NULL,NULL,26,'2026-05-31 22:00:00'),(3057,21,15,14,NULL,NULL,27,'2026-06-05 16:00:00'),(3058,20,16,14,NULL,NULL,27,'2026-06-05 18:00:00'),(3059,19,17,14,NULL,NULL,27,'2026-06-05 20:00:00'),(3060,1,18,14,NULL,NULL,27,'2026-06-05 22:00:00'),(3061,27,42,14,NULL,NULL,27,'2026-06-06 14:00:00'),(3062,26,46,14,NULL,NULL,27,'2026-06-06 16:00:00'),(3063,24,5,14,NULL,NULL,27,'2026-06-06 18:00:00'),(3064,23,9,14,NULL,NULL,27,'2026-06-06 20:00:00'),(3065,22,14,14,NULL,NULL,27,'2026-06-06 22:00:00'),(3066,28,41,14,NULL,NULL,27,'2026-06-06 22:00:00'),(3067,33,36,14,NULL,NULL,27,'2026-06-07 14:00:00'),(3068,32,37,14,NULL,NULL,27,'2026-06-07 16:00:00'),(3069,31,38,14,NULL,NULL,27,'2026-06-07 18:00:00'),(3070,30,39,14,NULL,NULL,27,'2026-06-07 20:00:00'),(3071,29,40,14,NULL,NULL,27,'2026-06-07 22:00:00'),(3072,34,35,14,NULL,NULL,27,'2026-06-07 22:00:00'),(3073,14,20,14,NULL,NULL,28,'2026-06-12 16:00:00'),(3074,15,19,14,NULL,NULL,28,'2026-06-12 18:00:00'),(3075,16,18,14,NULL,NULL,28,'2026-06-12 20:00:00'),(3076,17,1,14,NULL,NULL,28,'2026-06-12 22:00:00'),(3077,41,26,14,NULL,NULL,28,'2026-06-13 14:00:00'),(3078,42,25,14,NULL,NULL,28,'2026-06-13 16:00:00'),(3079,46,24,14,NULL,NULL,28,'2026-06-13 18:00:00'),(3080,5,22,14,NULL,NULL,28,'2026-06-13 20:00:00'),(3081,9,21,14,NULL,NULL,28,'2026-06-13 22:00:00'),(3082,40,27,14,NULL,NULL,28,'2026-06-13 22:00:00'),(3083,35,32,14,NULL,NULL,28,'2026-06-14 14:00:00'),(3084,36,31,14,NULL,NULL,28,'2026-06-14 16:00:00'),(3085,37,30,14,NULL,NULL,28,'2026-06-14 18:00:00'),(3086,38,29,14,NULL,NULL,28,'2026-06-14 20:00:00'),(3087,39,28,14,NULL,NULL,28,'2026-06-14 22:00:00'),(3088,34,33,14,NULL,NULL,28,'2026-06-14 22:00:00'),(3089,19,9,14,NULL,NULL,29,'2026-06-19 16:00:00'),(3090,18,14,14,NULL,NULL,29,'2026-06-19 18:00:00'),(3091,17,15,14,NULL,NULL,29,'2026-06-19 20:00:00'),(3092,1,16,14,NULL,NULL,29,'2026-06-19 22:00:00'),(3093,25,40,14,NULL,NULL,29,'2026-06-20 14:00:00'),(3094,24,41,14,NULL,NULL,29,'2026-06-20 16:00:00'),(3095,23,42,14,NULL,NULL,29,'2026-06-20 18:00:00'),(3096,22,46,14,NULL,NULL,29,'2026-06-20 20:00:00'),(3097,20,5,14,NULL,NULL,29,'2026-06-20 22:00:00'),(3098,26,39,14,NULL,NULL,29,'2026-06-20 22:00:00'),(3099,31,34,14,NULL,NULL,29,'2026-06-21 14:00:00'),(3100,30,35,14,NULL,NULL,29,'2026-06-21 16:00:00'),(3101,29,36,14,NULL,NULL,29,'2026-06-21 18:00:00'),(3102,28,37,14,NULL,NULL,29,'2026-06-21 20:00:00'),(3103,27,38,14,NULL,NULL,29,'2026-06-21 22:00:00'),(3104,32,33,14,NULL,NULL,29,'2026-06-21 22:00:00'),(3105,5,18,14,NULL,NULL,30,'2026-06-26 16:00:00'),(3106,9,17,14,NULL,NULL,30,'2026-06-26 18:00:00'),(3107,14,16,14,NULL,NULL,30,'2026-06-26 20:00:00'),(3108,15,1,14,NULL,NULL,30,'2026-06-26 22:00:00'),(3109,39,24,14,NULL,NULL,30,'2026-06-27 14:00:00'),(3110,40,23,14,NULL,NULL,30,'2026-06-27 16:00:00'),(3111,41,22,14,NULL,NULL,30,'2026-06-27 18:00:00'),(3112,42,21,14,NULL,NULL,30,'2026-06-27 20:00:00'),(3113,46,20,14,NULL,NULL,30,'2026-06-27 22:00:00'),(3114,38,25,14,NULL,NULL,30,'2026-06-27 22:00:00'),(3115,33,30,14,NULL,NULL,30,'2026-06-28 14:00:00'),(3116,34,29,14,NULL,NULL,30,'2026-06-28 16:00:00'),(3117,35,28,14,NULL,NULL,30,'2026-06-28 18:00:00'),(3118,36,27,14,NULL,NULL,30,'2026-06-28 20:00:00'),(3119,37,26,14,NULL,NULL,30,'2026-06-28 22:00:00'),(3120,32,31,14,NULL,NULL,30,'2026-06-28 22:00:00'),(3121,18,46,14,NULL,NULL,31,'2026-07-03 16:00:00'),(3122,16,5,14,NULL,NULL,31,'2026-07-03 18:00:00'),(3123,15,9,14,NULL,NULL,31,'2026-07-03 20:00:00'),(3124,1,14,14,NULL,NULL,31,'2026-07-03 22:00:00'),(3125,23,38,14,NULL,NULL,31,'2026-07-04 14:00:00'),(3126,22,39,14,NULL,NULL,31,'2026-07-04 16:00:00'),(3127,21,40,14,NULL,NULL,31,'2026-07-04 18:00:00'),(3128,20,41,14,NULL,NULL,31,'2026-07-04 20:00:00'),(3129,19,42,14,NULL,NULL,31,'2026-07-04 22:00:00'),(3130,24,37,14,NULL,NULL,31,'2026-07-04 22:00:00'),(3131,29,32,14,NULL,NULL,31,'2026-07-05 14:00:00'),(3132,28,33,14,NULL,NULL,31,'2026-07-05 16:00:00'),(3133,27,34,14,NULL,NULL,31,'2026-07-05 18:00:00'),(3134,26,35,14,NULL,NULL,31,'2026-07-05 20:00:00'),(3135,25,36,14,NULL,NULL,31,'2026-07-05 22:00:00'),(3136,30,31,14,NULL,NULL,31,'2026-07-05 22:00:00'),(3137,42,17,14,NULL,NULL,32,'2026-07-10 16:00:00'),(3138,46,16,14,NULL,NULL,32,'2026-07-10 18:00:00'),(3139,5,14,14,NULL,NULL,32,'2026-07-10 20:00:00'),(3140,9,1,14,NULL,NULL,32,'2026-07-10 22:00:00'),(3141,37,22,14,NULL,NULL,32,'2026-07-11 14:00:00'),(3142,38,21,14,NULL,NULL,32,'2026-07-11 16:00:00'),(3143,39,20,14,NULL,NULL,32,'2026-07-11 18:00:00'),(3144,40,19,14,NULL,NULL,32,'2026-07-11 20:00:00'),(3145,41,18,14,NULL,NULL,32,'2026-07-11 22:00:00'),(3146,36,23,14,NULL,NULL,32,'2026-07-11 22:00:00'),(3147,31,28,14,NULL,NULL,32,'2026-07-12 14:00:00'),(3148,32,27,14,NULL,NULL,32,'2026-07-12 16:00:00'),(3149,33,26,14,NULL,NULL,32,'2026-07-12 18:00:00'),(3150,34,25,14,NULL,NULL,32,'2026-07-12 20:00:00'),(3151,35,24,14,NULL,NULL,32,'2026-07-12 22:00:00'),(3152,30,29,14,NULL,NULL,32,'2026-07-12 22:00:00'),(3153,16,41,14,NULL,NULL,33,'2026-07-17 16:00:00'),(3154,15,42,14,NULL,NULL,33,'2026-07-17 18:00:00'),(3155,14,46,14,NULL,NULL,33,'2026-07-17 20:00:00'),(3156,1,5,14,NULL,NULL,33,'2026-07-17 22:00:00'),(3157,21,36,14,NULL,NULL,33,'2026-07-18 14:00:00'),(3158,20,37,14,NULL,NULL,33,'2026-07-18 16:00:00'),(3159,19,38,14,NULL,NULL,33,'2026-07-18 18:00:00'),(3160,18,39,14,NULL,NULL,33,'2026-07-18 20:00:00'),(3161,17,40,14,NULL,NULL,33,'2026-07-18 22:00:00'),(3162,22,35,14,NULL,NULL,33,'2026-07-18 22:00:00'),(3163,27,30,14,NULL,NULL,33,'2026-07-19 14:00:00'),(3164,26,31,14,NULL,NULL,33,'2026-07-19 16:00:00'),(3165,25,32,14,NULL,NULL,33,'2026-07-19 18:00:00'),(3166,24,33,14,NULL,NULL,33,'2026-07-19 20:00:00'),(3167,23,34,14,NULL,NULL,33,'2026-07-19 22:00:00'),(3168,28,29,14,NULL,NULL,33,'2026-07-19 22:00:00');
/*!40000 ALTER TABLE `match` ENABLE KEYS */;
UNLOCK TABLES;

--
-- Table structure for table `nationality`
--

DROP TABLE IF EXISTS `nationality`;
/*!40101 SET @saved_cs_client     = @@character_set_client */;
/*!50503 SET character_set_client = utf8mb4 */;
CREATE TABLE `nationality` (
  `id` int NOT NULL AUTO_INCREMENT,
  `name` varchar(50) NOT NULL,
  `iso_code` char(3) NOT NULL,
  `flag_image` varchar(250) DEFAULT NULL,
  `continent` enum('AFRICA','ASIA','EUROPE','NORTH_AMERICA','OCEANIA','SOUTH_AMERICA') NOT NULL,
  PRIMARY KEY (`id`),
  UNIQUE KEY `uq_nationality_name` (`name`),
  UNIQUE KEY `uq_nationality_iso` (`iso_code`)
) ENGINE=InnoDB AUTO_INCREMENT=21 DEFAULT CHARSET=utf8mb4 COLLATE=utf8mb4_0900_ai_ci;
/*!40101 SET character_set_client = @saved_cs_client */;

--
-- Dumping data for table `nationality`
--

LOCK TABLES `nationality` WRITE;
/*!40000 ALTER TABLE `nationality` DISABLE KEYS */;
INSERT INTO `nationality` VALUES (1,'Argentina','ARG','flag_ARG_bandera_argentina.png','SOUTH_AMERICA'),(4,'Brasil','BRA','flag_BRA_bandera_brasil.png','SOUTH_AMERICA'),(5,'Chile','CHI','flag_CHI_bandera_chile.png','SOUTH_AMERICA'),(7,'Perú','PER','flag_PER_bandera_peru.png','SOUTH_AMERICA'),(10,'Paraguay','PRY','flag_PRY_bandera_paraguay.png','SOUTH_AMERICA'),(11,'Francia','FRA','flag_FRA_bandera_francia.png','EUROPE'),(12,'Reino Unido','GBR','flag_GBR_bandera_reino_unido.png','EUROPE'),(13,'China','CHN','flag_CHN_bandera_china.png','ASIA'),(14,'Senegal','SEN','flag_SEN_bandera_senegal_2.jpeg','AFRICA'),(15,'Australia','AUS','flag_AUS_bandera_australia.png','OCEANIA'),(16,'Colombia','COL','flag_COL_bandera_colombia.webp','SOUTH_AMERICA'),(17,'Bolivia','BOL','flag_BOL_bandera_bolivia.png','SOUTH_AMERICA'),(18,'Ecuador','ECU','flag_ECU_bandera_ecuador.png','SOUTH_AMERICA'),(20,'Uruguay','URY','flag_URY_bandera_uruguay_2.png','SOUTH_AMERICA');
/*!40000 ALTER TABLE `nationality` ENABLE KEYS */;
UNLOCK TABLES;

--
-- Table structure for table `person`
--

DROP TABLE IF EXISTS `person`;
/*!40101 SET @saved_cs_client     = @@character_set_client */;
/*!50503 SET character_set_client = utf8mb4 */;
CREATE TABLE `person` (
  `id` int unsigned NOT NULL,
  `fullname` varchar(100) NOT NULL,
  `birthdate` date NOT NULL,
  `address` varchar(150) NOT NULL,
  `role` enum('PLAYER','COACH','PRESIDENT') NOT NULL,
  `dominant_foot` enum('RIGHT','LEFT','AMBIDEXTROUS') DEFAULT NULL,
  `jersey_number` int DEFAULT NULL,
  `height` double DEFAULT NULL,
  `weight` double DEFAULT NULL,
  `preferred_formation` varchar(50) DEFAULT NULL,
  `coaching_license` varchar(100) DEFAULT NULL,
  `license_obtained_date` date DEFAULT NULL,
  `management_policy` text,
  `photo` varchar(250) DEFAULT NULL,
  `id_nationality` int NOT NULL,
  PRIMARY KEY (`id`),
  UNIQUE KEY `id` (`id`),
  KEY `fk_person_nationality` (`id_nationality`),
  CONSTRAINT `fk_person_nationality` FOREIGN KEY (`id_nationality`) REFERENCES `nationality` (`id`) ON DELETE RESTRICT ON UPDATE CASCADE
) ENGINE=InnoDB DEFAULT CHARSET=utf8mb4 COLLATE=utf8mb4_0900_ai_ci;
/*!40101 SET character_set_client = @saved_cs_client */;

--
-- Dumping data for table `person`
--

LOCK TABLES `person` WRITE;
/*!40000 ALTER TABLE `person` DISABLE KEYS */;
INSERT INTO `person` VALUES (12487283,'Miguel Angel Russo','1956-04-09','Corrientes 1726','COACH',NULL,NULL,NULL,NULL,'4-2-3-1','Licencia PRO - AFA','1988-11-17',NULL,'12487283_miguel_angel_russo.jpeg',1),(13788904,'Ignacio Enrique Astore','1960-04-13','San Sebastian 123','PRESIDENT',NULL,NULL,NULL,NULL,NULL,NULL,NULL,'Formación integral de jugadores y compromiso social con la comunidad','13788904_astore_2.jpeg',1),(14201845,'Ariel Enrique Holan','1960-09-14','Lago Mascardi 342','COACH',NULL,NULL,NULL,NULL,'4-2-3-1','Licencia PRO - AFA','2015-03-02',NULL,'14201845_ariel_holan_3.png',1),(22222222,'Guillermo Barros Schelotto','1973-05-04','Alvear 428','COACH',NULL,NULL,NULL,NULL,'4-3-3','Licencia PRO - AFA','2009-11-15',NULL,'22222222_guillermo_barros_schelotto.jpeg',1),(23760742,'Gonzalo Luis Belloso','1974-03-30','Av. Pellegrini 294','PRESIDENT',NULL,NULL,NULL,NULL,NULL,NULL,NULL,'Revalorización de las divisiones juveniles y fortalecimiento del sentido de pertenencia','23760742_gonzalo_belloso_2.png',1),(24976295,'Marcelo Daniel Gallardo','1976-01-18','Arroyo 738','COACH',NULL,NULL,NULL,NULL,'4-3-3 Ofensivo','Licencia PRO - AFA','2011-07-08',NULL,'24976295_marcelo_gallardo.jpeg',1),(26752869,'Juan Roman Riquelme','1978-06-24','Montevideo 721','PRESIDENT',NULL,NULL,NULL,NULL,NULL,NULL,NULL,'Desarrollo de juveniles y sostenibilidad económica','26752869_juan_roman_riquelme.jpeg',1),(27287180,'Jorge Pablo Brito','1979-06-29','9 de Julio 1824','PRESIDENT',NULL,NULL,NULL,NULL,NULL,NULL,NULL,'Fortalecimiento de divisiones inferiores y desarrollo de talentos propios','27287180_jorge_brito.avif',1),(30354328,'Cristian Gastón Fabbiani','1983-09-03','Bv. Orono 361','COACH',NULL,NULL,NULL,NULL,'4-4-2','Licencia PRO - AFA','2021-04-23',NULL,'30354328_fabbiani.jpg',1),(32343132,'Stefano Di Carlo','1989-05-13','Nuñez 912','PRESIDENT',NULL,NULL,NULL,NULL,NULL,NULL,NULL,'PLATA YA y techar el monumental','32343132_stefano_di_carlo.png',1),(33333333,'Manuel Berti','2004-04-22','Berlin 123','PLAYER','RIGHT',9,1.8,76,NULL,NULL,NULL,NULL,'33333333_nahuel-berli.jpg',1),(42840150,'Juan Cruz Mondino','2000-10-23','Montevideo 1255','PLAYER','RIGHT',8,1.89,80,NULL,NULL,NULL,NULL,'42840150_juan_cruz_mondino.png',1),(43399550,'Gustavo Giampietro','2001-11-01','Italia 1663','PLAYER','RIGHT',6,1.8,75,NULL,NULL,NULL,NULL,'43399550_gustavo_giampietro.jpeg',1),(45656433,'Juan Pablo Jaca','2004-04-07','España 241','PLAYER','AMBIDEXTROUS',24,1.78,70,NULL,NULL,NULL,NULL,'45656433_Jaca, Juan Pablo.jpeg',1),(48894558,'Conan Ledesma','1993-02-13','DIR 48894558','PLAYER','RIGHT',25,1.83,83,NULL,NULL,NULL,NULL,'48894558_ConanLedesma.jpg',1),(48894559,'Franco Armani','1986-10-16','DIR 48894559','PLAYER','RIGHT',1,1.89,89,NULL,NULL,NULL,NULL,'48894559_FrancoArmani.jpg',1),(48894560,'Lucas Martínez Quarta','1996-05-10','DIR 48894560','PLAYER','RIGHT',28,1.83,83,NULL,NULL,NULL,NULL,'48894560_LucasMartinezQuarta.jpg',1),(48894561,'Lautaro Rivero','2003-11-01','DIR 48894561','PLAYER','LEFT',13,1.85,85,NULL,NULL,NULL,NULL,'48894561_LautaroRivero.jpg',1),(48894562,'Paulo Díaz','1994-08-25','DIR 48894562','PLAYER','RIGHT',17,1.78,78,NULL,NULL,NULL,NULL,'48894562_PauloDiaz.jpg',5),(48894563,'Sebastián Boselli','2003-12-04','DIR 48894563','PLAYER','RIGHT',14,1.83,83,NULL,NULL,NULL,NULL,'48894563_SebastianBoselli.jpg',1),(48894564,'Juan Carlos Portillo','2000-05-18','DIR 48894564','PLAYER','RIGHT',5,1.82,82,NULL,NULL,NULL,NULL,'48894564_JuanCarlosPortillo.jpg',1),(48894565,'Federico Gattoni','1999-02-16','DIR 48894565','PLAYER','RIGHT',2,1.83,83,NULL,NULL,NULL,NULL,'48894565_FedericoGattoni.jpg',1),(48894566,'Germán Pezzella','1991-06-27','DIR 48894566','PLAYER','RIGHT',6,1.87,87,NULL,NULL,NULL,NULL,'48894566_GermanPezzella.jpg',1),(48894567,'Marcos Acuña','1991-10-28','DIR 48894567','PLAYER','LEFT',21,1.72,72,NULL,NULL,NULL,NULL,'48894567_MarcosAcuna.jpg',1),(48894568,'Milton Casco','1988-04-11','DIR 48894568','PLAYER','RIGHT',20,1.7,70,NULL,NULL,NULL,NULL,'48894568_MiltonCasco.jpg',1),(48894569,'Gonzalo Montiel','1997-01-01','DIR 48894569','PLAYER','RIGHT',4,1.75,75,NULL,NULL,NULL,NULL,'48894569_GonzaloMontiel.jpg',1),(48894570,'Fabricio Bustos','1996-04-28','DIR 48894570','PLAYER','RIGHT',16,1.67,67,NULL,NULL,NULL,NULL,'48894570_FabricioBustos.jpg',1),(48894571,'Kevin Castaño','2000-09-29','DIR 48894571','PLAYER','RIGHT',22,1.77,77,NULL,NULL,NULL,NULL,'48894571_KevinCastano.jpg',16),(48894572,'Enzo Pérez','1986-02-22','DIR 48894572','PLAYER','RIGHT',24,1.78,78,NULL,NULL,NULL,NULL,'48894572_EnzoPerez.jpg',1),(48894573,'Giuliano Galoppo','1999-06-18','DIR 48894573','PLAYER','RIGHT',34,1.79,79,NULL,NULL,NULL,NULL,'48894573_GiulianoGaloppo.jpg',1),(48894574,'Matías Galarza Fonda','2002-02-11','DIR 48894574','PLAYER','LEFT',23,1.75,75,NULL,NULL,NULL,NULL,'48894574_MatiasGalarzaFonda.jpg',1),(48894575,'Santiago Lencina','2005-09-04','DIR 48894575','PLAYER','LEFT',39,1.73,73,NULL,NULL,NULL,NULL,'48894575_SantiagoLencina.jpg',1),(48894576,'Juan Fernando Quintero','1993-01-18','DIR 48894576','PLAYER','LEFT',10,1.68,68,NULL,NULL,NULL,NULL,'48894576_JuanFernandoQuintero.jpg',1),(48894577,'Gonzalo Martínez','1993-06-13','DIR 48894577','PLAYER','LEFT',18,1.72,72,NULL,NULL,NULL,NULL,'48894577_pity_martinez_2.webp',1),(48894578,'Nacho Fernández','1990-01-12','DIR 48894578','PLAYER','LEFT',26,1.82,82,NULL,NULL,NULL,NULL,'48894578_NachoFernandez.jpg',1),(48894579,'Juan Cruz Meza','2008-03-14','DIR 48894579','PLAYER','RIGHT',47,1.83,83,NULL,NULL,NULL,NULL,'48894579_JuanCruzMeza.jpg',1),(48894580,'Maximiliano Meza','1992-12-15','DIR 48894580','PLAYER','RIGHT',8,1.81,81,NULL,NULL,NULL,NULL,'48894580_MaximilianoMeza.jpg',1),(48894581,'Ian Subiabre','2007-01-01','DIR 48894581','PLAYER','LEFT',38,1.74,74,NULL,NULL,NULL,NULL,'48894581_IanSubiabre.jpg',1),(48894582,'Maximiliano Salas','1997-12-01','DIR 48894582','PLAYER','LEFT',7,1.74,74,NULL,NULL,NULL,NULL,'48894582_MaximilianoSalas.jpg',1),(48894583,'Facundo Colidio','2000-01-04','DIR 48894583','PLAYER','RIGHT',11,1.8,80,NULL,NULL,NULL,NULL,'48894583_FacundoColidio.jpg',1),(48894584,'Sebastián Driussi','1996-02-09','DIR 48894584','PLAYER','AMBIDEXTROUS',15,1.79,79,NULL,NULL,NULL,NULL,'48894584_SebastianDriussi.jpg',1),(48894585,'Miguel Borja','1993-01-26','DIR 48894585','PLAYER','RIGHT',9,1.84,84,NULL,NULL,NULL,NULL,'48894585_MiguelBorja.jpg',1),(48894586,'Agustín Ruberto','2006-01-14','DIR 48894586','PLAYER','RIGHT',32,1.83,83,NULL,NULL,NULL,NULL,'48894586_AgustinRuberto.jpg',1),(48894587,'Bautista Dadín','2006-05-20','DIR 48894587','PLAYER','AMBIDEXTROUS',27,1.79,79,NULL,NULL,NULL,NULL,'48894587_BautistaDadin.jpg',1),(48894588,'Leandro Brey','2002-09-21','DIR 48894588','PLAYER','RIGHT',12,1.91,91,NULL,NULL,NULL,NULL,'48894588_LeandroBrey.jpg',1),(48894589,'Agustín Marchesín','1988-03-16','DIR 48894589','PLAYER','RIGHT',25,1.88,88,NULL,NULL,NULL,NULL,'48894589_AgustinMarchesin.jpg',1),(48894590,'Javier García','1987-01-29','DIR 48894590','PLAYER','RIGHT',13,1.8,80,NULL,NULL,NULL,NULL,'48894590_JavierGarcia.jpg',1),(48894591,'Marco Pellegrino','2002-07-18','DIR 48894591','PLAYER','LEFT',26,1.84,84,NULL,NULL,NULL,NULL,'48894591_MarcoPellegrino.jpg',1),(48894592,'Lautaro Di Lollo','2004-03-10','DIR 48894592','PLAYER','RIGHT',40,1.87,87,NULL,NULL,NULL,NULL,'48894592_LautaroDiLollo.jpg',1),(48894593,'Ayrton Costa','1999-07-12','DIR 48894593','PLAYER','LEFT',32,1.79,79,NULL,NULL,NULL,NULL,'48894593_AyrtonCosta.jpg',1),(48894594,'Nicolás Figal','1994-04-03','DIR 48894594','PLAYER','RIGHT',4,1.8,80,NULL,NULL,NULL,NULL,'48894594_NicolasFigal.jpg',1),(48894595,'Cristian Lema','1990-03-24','DIR 48894595','PLAYER','RIGHT',2,1.91,91,NULL,NULL,NULL,NULL,'48894595_CristianLema.jpg',1),(48894596,'Mateo Mendía','2004-02-03','DIR 48894596','PLAYER','RIGHT',34,1.91,91,NULL,NULL,NULL,NULL,'48894596_MateoMendia.jpg',1),(48894597,'Lautaro Blanco','1999-02-19','DIR 48894597','PLAYER','LEFT',23,1.76,76,NULL,NULL,NULL,NULL,'48894597_LautaroBlanco.jpg',1),(48894598,'Frank Fabra','1991-02-22','DIR 48894598','PLAYER','LEFT',18,1.74,74,NULL,NULL,NULL,NULL,'48894598_FrankFabra.jpg',1),(48894599,'Juan Barinaga','2000-10-10','DIR 48894599','PLAYER','RIGHT',24,1.76,76,NULL,NULL,NULL,NULL,'48894599_JuanBarinaga.jpg',1),(48894600,'Lucas Blondel','1996-09-14','DIR 48894600','PLAYER','RIGHT',42,1.78,78,NULL,NULL,NULL,NULL,'48894600_LucasBlondel.jpg',1),(48894601,'Luis Advíncula','1990-03-02','DIR 48894601','PLAYER','RIGHT',17,1.78,78,NULL,NULL,NULL,NULL,'48894601_LuisAdvincula.jpg',1),(48894602,'Leandro Paredes','1994-06-29','DIR 48894602','PLAYER','RIGHT',5,1.8,80,NULL,NULL,NULL,NULL,'48894602_LeandroParedes.jpg',1),(48894603,'Milton Delgado','2005-06-16','DIR 48894603','PLAYER','RIGHT',43,1.66,66,NULL,NULL,NULL,NULL,'48894603_MiltonDelgado.jpg',1),(48894604,'Tomás Belmonte','1998-05-27','DIR 48894604','PLAYER','RIGHT',30,1.81,81,NULL,NULL,NULL,NULL,'48894604_TomasBelmonte.jpg',1),(48894605,'Ignacio Miramón','2003-06-12','DIR 48894605','PLAYER','RIGHT',14,1.73,73,NULL,NULL,NULL,NULL,'48894605_IgnacioMiramon.jpg',1),(48894606,'Rodrigo Battaglia','1991-07-12','DIR 48894606','PLAYER','RIGHT',29,1.87,87,NULL,NULL,NULL,NULL,'48894606_RodrigoBattaglia.jpg',1),(48894607,'Camilo Rey Domenech','2006-03-10','DIR 48894607','PLAYER','RIGHT',38,1.78,78,NULL,NULL,NULL,NULL,'48894607_CamiloReyDomenech.jpg',1),(48894608,'Williams Alarcón','2000-11-29','DIR 48894608','PLAYER','RIGHT',15,1.82,82,NULL,NULL,NULL,NULL,'48894608_WilliamsAlarcon.jpg',1),(48894609,'Ander Herrera','1989-08-14','DIR 48894609','PLAYER','RIGHT',21,1.82,82,NULL,NULL,NULL,NULL,'48894609_AnderHerrera.jpg',1),(48894610,'Malcom Braida','1997-05-17','DIR 48894610','PLAYER','RIGHT',27,1.75,75,NULL,NULL,NULL,NULL,'48894610_MalcomBraida.jpg',1),(48894611,'Carlos Palacios','2000-07-20','DIR 48894611','PLAYER','RIGHT',8,1.8,80,NULL,NULL,NULL,NULL,'48894611_CarlosPalacios.jpg',1),(48894612,'Agustín Martegani','2000-05-20','DIR 48894612','PLAYER','LEFT',19,1.82,82,NULL,NULL,NULL,NULL,'48894612_AgustinMartegani.jpg',1),(48894613,'Kevin Zenón','2001-07-30','DIR 48894613','PLAYER','LEFT',22,1.81,81,NULL,NULL,NULL,NULL,'48894613_KevinZenon.jpg',1),(48894614,'Brian Aguirre','2003-01-06','DIR 48894614','PLAYER','RIGHT',33,1.75,75,NULL,NULL,NULL,NULL,'48894614_BrianAguirre.jpg',1),(48894615,'Alan Velasco','2002-07-27','DIR 48894615','PLAYER','RIGHT',20,1.67,67,NULL,NULL,NULL,NULL,'48894615_AlanVelasco.jpg',1),(48894616,'Lucas Janson','1994-08-16','DIR 48894616','PLAYER','RIGHT',11,1.71,71,NULL,NULL,NULL,NULL,'48894616_LucasJanson.jpg',1),(48894617,'Exequiel Zeballos','2002-04-24','DIR 48894617','PLAYER','RIGHT',7,1.75,75,NULL,NULL,NULL,NULL,'48894617_ExequielZeballos.jpg',1),(48894618,'Miguel Merentiel','1996-02-24','DIR 48894618','PLAYER','RIGHT',16,1.76,76,NULL,NULL,NULL,NULL,'48894618_MiguelMerentiel.jpg',1),(48894619,'Milton Giménez','1996-08-12','DIR 48894619','PLAYER','RIGHT',9,1.84,84,NULL,NULL,NULL,NULL,'48894619_MiltonGimenez.jpg',1),(48894620,'Edinson Cavani','1987-02-14','DIR 48894620','PLAYER','RIGHT',10,1.84,84,NULL,NULL,NULL,NULL,'48894620_EdinsonCavani.jpg',1),(48894621,'Facundo Cambeses','1997-04-09','DIR 48894621','PLAYER','RIGHT',25,1.86,86,NULL,NULL,NULL,NULL,'48894621_FacundoCambeses.jpg',1),(48894622,'Gabriel Arias','1987-09-13','DIR 48894622','PLAYER','RIGHT',21,1.89,89,NULL,NULL,NULL,NULL,'48894622_GabrielArias.jpg',1),(48894623,'Francisco Gómez','2004-04-06','DIR 48894623','PLAYER','RIGHT',1,1.87,87,NULL,NULL,NULL,NULL,'48894623_FranciscoGomez.jpg',1),(48894624,'Marco Di Césare','2002-01-30','DIR 48894624','PLAYER','RIGHT',3,1.86,86,NULL,NULL,NULL,NULL,'48894624_MarcoDiCesare.jpg',1),(48894625,'Santiago Sosa','1999-05-03','DIR 48894625','PLAYER','RIGHT',13,1.82,82,NULL,NULL,NULL,NULL,'48895028_SantiagoSosa.jpg',1),(48894626,'Nazareno Colombo','1999-03-20','DIR 48894626','PLAYER','RIGHT',23,1.82,82,NULL,NULL,NULL,NULL,'48894626_NazarenoColombo.jpg',1),(48894627,'Franco Pardo','1997-04-05','DIR 48894627','PLAYER','RIGHT',18,1.86,86,NULL,NULL,NULL,NULL,'48894627_FrancoPardo.jpg',1),(48894628,'Santiago Quirós','2003-03-04','DIR 48894628','PLAYER','LEFT',35,1.79,79,NULL,NULL,NULL,NULL,'48894628_SantiagoQuiros.jpg',1),(48894629,'Agustín García Basso','1992-03-26','DIR 48894629','PLAYER','LEFT',2,1.78,78,NULL,NULL,NULL,NULL,'48894629_AgustinGarciaBasso.jpg',1),(48894630,'Marcos Rojo','1990-03-20','DIR 48894630','PLAYER','LEFT',6,1.86,86,NULL,NULL,NULL,NULL,'48894630_MarcosRojo.jpg',1),(48894631,'Gonzalo Escudero','2007-04-01','DIR 48894631','PLAYER','LEFT',43,1.87,87,NULL,NULL,NULL,NULL,'48894631_GonzaloEscudero.jpg',1),(48894632,'Gabriel Rojas','1997-06-22','DIR 48894632','PLAYER','LEFT',27,1.73,73,NULL,NULL,NULL,NULL,'48894632_GabrielRojas.jpg',1),(48894633,'Fabián Sánchez','2001-08-17','DIR 48894633','PLAYER','LEFT',59,1.7,70,NULL,NULL,NULL,NULL,'48894633_FabianSanchez.jpg',1),(48894634,'Gastón Martirena','2000-01-05','DIR 48894634','PLAYER','RIGHT',15,1.74,74,NULL,NULL,NULL,NULL,'48894634_GastonMartirena.jpg',1),(48894635,'Facundo Mura','1999-03-23','DIR 48894635','PLAYER','RIGHT',34,1.7,70,NULL,NULL,NULL,NULL,'48894635_FacundoMura.jpg',1),(48894636,'Bruno Zuculini','1993-04-02','DIR 48894636','PLAYER','RIGHT',36,1.82,82,NULL,NULL,NULL,NULL,'48894636_BrunoZuculini.jpg',1),(48894637,'Alan Forneris','2005-01-28','DIR 48894637','PLAYER','RIGHT',8,1.84,84,NULL,NULL,NULL,NULL,'48894637_AlanForneris.jpg',1),(48894638,'Juan Ignacio Nardoni','2002-07-14','DIR 48894638','PLAYER','RIGHT',5,1.8,80,NULL,NULL,NULL,NULL,'48894638_JuanIgnacioNardoni.jpg',1),(48894639,'Richard Sánchez','1996-03-29','DIR 48894639','PLAYER','RIGHT',26,1.7,70,NULL,NULL,NULL,NULL,'48894639_RichardSanchez.jpg',1),(48894640,'Agustín Almendra','2000-02-11','DIR 48894640','PLAYER','RIGHT',32,1.82,82,NULL,NULL,NULL,NULL,'48894640_AgustinAlmendra.jpg',1),(48894641,'Martín Barrios','1999-01-24','DIR 48894641','PLAYER','RIGHT',16,1.75,75,NULL,NULL,NULL,NULL,'48894641_MartinBarrios.jpg',1),(48894642,'Ignacio Rodríguez','2002-02-22','DIR 48894642','PLAYER','LEFT',19,1.76,76,NULL,NULL,NULL,NULL,'48894642_IgnacioRodriguez.jpg',1),(48894643,'Matías Zaracho','1998-03-10','DIR 48894643','PLAYER','RIGHT',11,1.71,71,NULL,NULL,NULL,NULL,'48894643_MatiasZaracho.jpg',1),(48894644,'Adrián Fernández','2001-05-20','DIR 48894644','PLAYER','RIGHT',24,1.83,83,NULL,NULL,NULL,NULL,'48894644_AdrianFernandez.jpg',1),(48894645,'David González','2003-07-08','DIR 48894645','PLAYER','RIGHT',49,1.67,67,NULL,NULL,NULL,NULL,'48894645_DavidGonzalez.jpg',1),(48894646,'Duván Vergara','1996-09-09','DIR 48894646','PLAYER','RIGHT',7,1.77,77,NULL,NULL,NULL,NULL,'48894646_DuvanVergara.jpg',1),(48894647,'Tomás Conechny','1998-03-30','DIR 48894647','PLAYER','LEFT',17,1.76,76,NULL,NULL,NULL,NULL,'48894647_TomasConechny.jpg',1),(48894648,'Santiago Solari','1998-01-19','DIR 48894648','PLAYER','RIGHT',28,1.78,78,NULL,NULL,NULL,NULL,'48894648_SantiagoSolari.jpg',1),(48894649,'Ramiro Degregorio','2003-02-06','DIR 48894649','PLAYER','RIGHT',41,1.7,70,NULL,NULL,NULL,NULL,'48894649_RamiroDegregorio.jpg',1),(48894650,'Adrián Martínez','1992-07-07','DIR 48894650','PLAYER','LEFT',9,1.76,76,NULL,NULL,NULL,NULL,'48894650_AdrianMartinez.jpg',1),(48894651,'Luciano Vietto','1993-12-05','DIR 48894651','PLAYER','RIGHT',10,1.73,73,NULL,NULL,NULL,NULL,'48894651_LucianoVietto.jpg',1),(48894652,'Elías Torres','2001-03-02','DIR 48894652','PLAYER','RIGHT',22,1.86,86,NULL,NULL,NULL,NULL,'48894652_EliasTorres.jpg',1),(48894653,'Adrián Balboa','1994-01-19','DIR 48894653','PLAYER','RIGHT',77,1.86,86,NULL,NULL,NULL,NULL,'48894653_AdrianBalboa.jpg',1),(48894654,'Rodrigo Rey','1991-03-08','DIR 48894654','PLAYER','RIGHT',33,1.9,90,NULL,NULL,NULL,NULL,'48894654_RodrigoRey.jpg',1),(48894655,'Joaquín Blázquez','2001-01-28','DIR 48894655','PLAYER','RIGHT',1,1.93,93,NULL,NULL,NULL,NULL,'48894655_JoaquinBlazquez.jpg',1),(48894656,'Lucas Lavagnino','2004-08-22','DIR 48894656','PLAYER','RIGHT',35,1.89,89,NULL,NULL,NULL,NULL,'48894656_LucasLavagnino.jpg',1),(48894657,'Kevin Lomónaco','2002-01-08','DIR 48894657','PLAYER','RIGHT',26,1.92,92,NULL,NULL,NULL,NULL,'48894657_KevinLomonaco.jpg',1),(48894658,'Sebastián Valdez','1995-11-06','DIR 48894658','PLAYER','RIGHT',36,1.91,91,NULL,NULL,NULL,NULL,'48894658_SebastianValdez.jpg',1),(48894659,'Nicolás Freire','1994-02-18','DIR 48894659','PLAYER','LEFT',6,1.87,87,NULL,NULL,NULL,NULL,'48894659_NicolasFreire.jpg',1),(48894660,'Franco Paredes','1999-03-18','DIR 48894660','PLAYER','RIGHT',32,1.76,76,NULL,NULL,NULL,NULL,'48894660_FrancoParedes.jpg',1),(48894661,'Facundo Zabala','1999-01-02','DIR 48894661','PLAYER','LEFT',22,1.72,72,NULL,NULL,NULL,NULL,'48894661_FacundoZabala.jpg',1),(48894662,'Milton Valenzuela','1998-08-13','DIR 48894662','PLAYER','LEFT',3,1.7,70,NULL,NULL,NULL,NULL,'48894662_MiltonValenzuela.jpg',1),(48894663,'Jonathan De Irastorza','2005-08-05','DIR 48894663','PLAYER','LEFT',39,1.74,74,NULL,NULL,NULL,NULL,'48894663_JonathanDeIrastorza.jpg',1),(48894664,'Leonardo Godoy','1995-04-28','DIR 48894664','PLAYER','RIGHT',29,1.73,73,NULL,NULL,NULL,NULL,'48894664_LeonardoGodoy.jpg',1),(48894665,'Federico Vera','1998-03-24','DIR 48894665','PLAYER','RIGHT',4,1.78,78,NULL,NULL,NULL,NULL,'48894665_FedericoVera.jpg',1),(48894666,'Rodrigo Fernández Cedrés','1996-01-03','DIR 48894666','PLAYER','RIGHT',20,1.74,74,NULL,NULL,NULL,NULL,'48894666_RodrigoFernandezCedres.jpg',1),(48894667,'Iván Marcone','1990-06-03','DIR 48894667','PLAYER','RIGHT',23,1.83,83,NULL,NULL,NULL,NULL,'48894667_IvanMarcone.jpg',1),(48894668,'Felipe Loyola','2000-11-09','DIR 48894668','PLAYER','RIGHT',5,1.8,80,NULL,NULL,NULL,NULL,'48894668_FelipeLoyola.jpg',1),(48894669,'Pablo Galdames','1996-12-30','DIR 48894669','PLAYER','RIGHT',8,1.76,76,NULL,NULL,NULL,NULL,'48894669_PabloGaldames.jpg',1),(48894670,'Federico Mancuello','1989-03-26','DIR 48894670','PLAYER','LEFT',11,1.77,77,NULL,NULL,NULL,NULL,'48894670_FedericoMancuello.jpg',1),(48894671,'Joel Medina','2007-07-07','DIR 48894671','PLAYER','RIGHT',37,1.74,74,NULL,NULL,NULL,NULL,'48894671_JoelMedina.jpg',1),(48894672,'Lautaro Millán','2005-08-16','DIR 48894672','PLAYER','RIGHT',14,1.71,71,NULL,NULL,NULL,NULL,'48894672_LautaroMillan.jpg',1),(48894673,'Luciano Cabral','1995-04-26','DIR 48894673','PLAYER','RIGHT',10,1.72,72,NULL,NULL,NULL,NULL,'48894673_LucianoCabral.jpg',1),(48894674,'Diego Tarzia','2003-04-26','DIR 48894674','PLAYER','LEFT',27,1.74,74,NULL,NULL,NULL,NULL,'48894674_DiegoTarzia.jpg',1),(48894675,'Walter Mazzantti','1996-09-05','DIR 48894675','PLAYER','RIGHT',17,1.74,74,NULL,NULL,NULL,NULL,'48894675_WalterMazzantti.jpg',1),(48894676,'Santiago Montiel','2000-11-22','DIR 48894676','PLAYER','LEFT',7,1.66,66,NULL,NULL,NULL,NULL,'48894676_SantiagoMontiel.jpg',1),(48894677,'Matías Abaldo','2004-04-03','DIR 48894677','PLAYER','RIGHT',19,1.72,72,NULL,NULL,NULL,NULL,'48894677_MatiasAbaldo.jpg',1),(48894678,'Enzo Taborda','2005-05-20','DIR 48894678','PLAYER','RIGHT',28,1.67,67,NULL,NULL,NULL,NULL,'48894678_EnzoTaborda.jpg',1),(48894679,'Ignacio Pussetto','1995-12-21','DIR 48894679','PLAYER','RIGHT',25,1.8,80,NULL,NULL,NULL,NULL,'48894679_IgnacioPussetto.jpg',1),(48894680,'Gabriel Ávalos','1990-10-12','DIR 48894680','PLAYER','RIGHT',9,1.9,90,NULL,NULL,NULL,NULL,'48894680_GabrielAvalos.jpg',1),(48894681,'Tomás Marchiori','1995-06-20','DIR 48894681','PLAYER','RIGHT',1,1.86,86,NULL,NULL,NULL,NULL,'48894681_TomasMarchiori.jpg',1),(48894682,'Álvaro Montero','1995-03-29','DIR 48894682','PLAYER','RIGHT',12,1.99,99,NULL,NULL,NULL,NULL,'48894682_AlvaroMontero.jpg',1),(48894683,'Lautaro Garzón','2003-07-30','DIR 48894683','PLAYER','RIGHT',42,1.8,80,NULL,NULL,NULL,NULL,'48894683_LautaroGarzon.jpg',1),(48894684,'Emanuel Mammana','1996-02-10','DIR 48894684','PLAYER','RIGHT',2,1.84,84,NULL,NULL,NULL,NULL,'48894684_EmanuelMammana.jpg',1),(48894685,'Aarón Quirós','2001-10-31','DIR 48894685','PLAYER','LEFT',6,1.78,78,NULL,NULL,NULL,NULL,'48894685_AaronQuiros.jpg',1),(48894686,'Lisandro Magallán','1993-09-27','DIR 48894686','PLAYER','RIGHT',16,1.85,85,NULL,NULL,NULL,NULL,'48894686_LisandroMagallan.jpg',1),(48894687,'Thiago Silvero','2006-04-18','DIR 48894687','PLAYER','RIGHT',40,1.88,88,NULL,NULL,NULL,NULL,'48894687_ThiagoSilvero.jpg',1),(48894688,'Elías Gómez','1994-06-09','DIR 48894688','PLAYER','LEFT',3,1.74,74,NULL,NULL,NULL,NULL,'48894688_EliasGomez.jpg',1),(48894689,'Tomás Cavanagh','2001-01-05','DIR 48894689','PLAYER','LEFT',37,1.82,82,NULL,NULL,NULL,NULL,'48894689_TomasCavanagh.jpg',1),(48894690,'Joaquín García','2001-08-20','DIR 48894690','PLAYER','RIGHT',4,1.82,82,NULL,NULL,NULL,NULL,'48894690_JoaquinGarcia.jpg',1),(48894691,'Jano Gordon','2004-06-16','DIR 48894691','PLAYER','RIGHT',21,1.82,82,NULL,NULL,NULL,NULL,'48894691_JanoGordon.jpg',1),(48894692,'Agustín Lagos','2001-10-09','DIR 48894692','PLAYER','RIGHT',14,1.84,84,NULL,NULL,NULL,NULL,'48894692_AgustinLagos.jpg',1),(48894693,'Isaías Andrada','2003-02-12','DIR 48894693','PLAYER','RIGHT',43,1.74,74,NULL,NULL,NULL,NULL,'48894693_IsaiasAndrada.jpg',1),(48894694,'Claudio Baeza','1993-12-23','DIR 48894694','PLAYER','RIGHT',5,1.71,71,NULL,NULL,NULL,NULL,'48894694_ClaudioBaeza.jpg',1),(48894695,'Agustín Bouzat','1994-03-28','DIR 48894695','PLAYER','LEFT',26,1.7,70,NULL,NULL,NULL,NULL,'48894695_AgustinBouzat.jpg',1),(48894696,'Kevin Vázquez','2001-03-19','DIR 48894696','PLAYER','RIGHT',33,1.75,75,NULL,NULL,NULL,NULL,'48894696_KevinVazquez.jpg',1),(48894697,'Tobías Andrada','2007-02-02','DIR 48894697','PLAYER','RIGHT',50,1.79,79,NULL,NULL,NULL,NULL,'48894697_TobiasAndrada.jpg',1),(48894698,'Rodrigo Aliendro','1991-02-16','DIR 48894698','PLAYER','RIGHT',23,1.73,73,NULL,NULL,NULL,NULL,'48894698_RodrigoAliendro.jpg',1),(48894699,'Leonel Roldán','2004-10-10','DIR 48894699','PLAYER','RIGHT',19,1.75,75,NULL,NULL,NULL,NULL,'48894699_LeonelRoldan.jpg',1),(48894700,'Diego Valdés','1994-01-30','DIR 48894700','PLAYER','RIGHT',10,1.79,79,NULL,NULL,NULL,NULL,'48894700_DiegoValdes.jpg',1),(48894701,'Tomás Galván','2000-04-11','DIR 48894701','PLAYER','RIGHT',8,1.72,72,NULL,NULL,NULL,NULL,'48894701_TomasGalvan.jpg',1),(48894702,'Manuel Lanzini','1993-02-15','DIR 48894702','PLAYER','RIGHT',22,1.7,70,NULL,NULL,NULL,NULL,'48894702_ManuelLanzini.jpg',1),(48894703,'Thiago Fernández','2004-04-03','DIR 48894703','PLAYER','RIGHT',27,1.75,75,NULL,NULL,NULL,NULL,'48894703_ThiagoFernandez.jpg',1),(48894704,'Matías Pellegrini','2000-03-11','DIR 48894704','PLAYER','RIGHT',11,1.76,76,NULL,NULL,NULL,NULL,'48894704_MatiasPellegrini.jpg',1),(48894705,'Maher Carrizo','2006-02-19','DIR 48894705','PLAYER','LEFT',28,1.8,80,NULL,NULL,NULL,NULL,'48894705_MaherCarrizo.jpg',1),(48894706,'Imanol Machuca','2000-01-15','DIR 48894706','PLAYER','RIGHT',39,1.7,70,NULL,NULL,NULL,NULL,'48894706_ImanolMachuca.jpg',1),(48894707,'Francisco Pizzini','1993-09-19','DIR 48894707','PLAYER','RIGHT',20,1.8,80,NULL,NULL,NULL,NULL,'48894707_FranciscoPizzini.jpg',1),(48894708,'Florián Monzón','2001-01-03','DIR 48894708','PLAYER','RIGHT',29,1.84,84,NULL,NULL,NULL,NULL,'48894708_FlorianMonzon.jpg',1),(48894709,'Braian Romero','1991-06-15','DIR 48894709','PLAYER','RIGHT',9,1.8,80,NULL,NULL,NULL,NULL,'48894709_BraianRomero.jpg',1),(48894710,'Michael Santos','1993-03-13','DIR 48894710','PLAYER','RIGHT',7,1.74,74,NULL,NULL,NULL,NULL,'48894710_MichaelSantos.jpg',1),(48894711,'Dilan Godoy','2006-02-05','DIR 48894711','PLAYER','AMBIDEXTROUS',15,1.8,80,NULL,NULL,NULL,NULL,'48894711_DilanGodoy.jpg',1),(48894712,'Matías Arias','2007-05-08','DIR 48894712','PLAYER','AMBIDEXTROUS',35,1.8,80,NULL,NULL,NULL,NULL,'48894712_MatiasArias.jpg',1),(48894713,'Fernando Muslera','1986-06-16','DIR 48894713','PLAYER','RIGHT',28,1.9,90,NULL,NULL,NULL,NULL,'48894713_FernandoMuslera.jpg',1),(48894714,'Fabricio Iacovich','2002-01-29','DIR 48894714','PLAYER','LEFT',1,1.98,98,NULL,NULL,NULL,NULL,'48894714_FabricioIacovich.jpg',1),(48894715,'Santiago Núñez','2000-04-29','DIR 48894715','PLAYER','RIGHT',6,1.86,86,NULL,NULL,NULL,NULL,'48894715_SantiagoNunez.jpg',1),(48894716,'Facundo Rodríguez','2000-02-26','DIR 48894716','PLAYER','LEFT',2,1.87,87,NULL,NULL,NULL,NULL,'48894716_FacundoRodriguez.jpg',1),(48894717,'Leandro González Pírez','1992-02-26','DIR 48894717','PLAYER','RIGHT',14,1.85,85,NULL,NULL,NULL,NULL,'48894717_LeandroGonzalezPirez.jpg',1),(48894718,'Juan Cruz Guasone','2001-03-27','DIR 48894718','PLAYER','RIGHT',75,1.97,97,NULL,NULL,NULL,NULL,'48894718_JuanCruzGuasone.jpg',1),(48894719,'Valente Pierani','2006-02-22','DIR 48894719','PLAYER','RIGHT',35,1.88,88,NULL,NULL,NULL,NULL,'48894719_ValentePierani.jpg',1),(48894720,'Ramiro Funes Mori','1991-03-05','DIR 48894720','PLAYER','LEFT',26,1.87,87,NULL,NULL,NULL,NULL,'48894720_RamiroFunesMori.jpg',1),(48894721,'Santiago Arzamendia','1998-05-05','DIR 48894721','PLAYER','LEFT',15,1.72,72,NULL,NULL,NULL,NULL,'48894721_SantiagoArzamendia.jpg',1),(48894722,'Gastón Benedetti','2001-03-29','DIR 48894722','PLAYER','LEFT',13,1.75,75,NULL,NULL,NULL,NULL,'48894722_GastonBenedetti.jpg',1),(48894723,'Eric Meza','1999-04-08','DIR 48894723','PLAYER','RIGHT',20,1.75,75,NULL,NULL,NULL,NULL,'48894723_EricMeza.jpg',1),(48894724,'Román Gómez','2004-07-14','DIR 48894724','PLAYER','RIGHT',4,1.81,81,NULL,NULL,NULL,NULL,'48894724_RomanGomez.jpg',1),(48894725,'Santiago Ascacíbar','1997-02-25','DIR 48894725','PLAYER','RIGHT',5,1.69,69,NULL,NULL,NULL,NULL,'48894725_SantiagoAscacibar.jpg',1),(48894726,'Gabriel Neves','1997-08-11','DIR 48894726','PLAYER','RIGHT',8,1.71,71,NULL,NULL,NULL,NULL,'48894726_GabrielNeves.jpg',1),(48894727,'Ezequiel Piovi','1992-08-20','DIR 48894727','PLAYER','RIGHT',21,1.7,70,NULL,NULL,NULL,NULL,'48894727_EzequielPiovi.jpg',1),(48894728,'Cristian Medina','2002-06-01','DIR 48894728','PLAYER','RIGHT',25,1.76,76,NULL,NULL,NULL,NULL,'48894728_CristianMedina.jpg',1),(48894729,'Alexis Castro','1994-10-18','DIR 48894729','PLAYER','LEFT',22,1.83,83,NULL,NULL,NULL,NULL,'48894729_AlexisCastro.jpg',1),(48894730,'Mikel Amondarain','2005-01-06','DIR 48894730','PLAYER','RIGHT',32,1.85,85,NULL,NULL,NULL,NULL,'48894730_MikelAmondarain.jpg',1),(48894731,'Lucas Cornejo','2005-03-01','DIR 48894731','PLAYER','LEFT',40,1.74,74,NULL,NULL,NULL,NULL,'48894731_LucasCornejo.jpg',1),(48894732,'Facundo Farías','2002-08-28','DIR 48894732','PLAYER','RIGHT',11,1.75,75,NULL,NULL,NULL,NULL,'48894732_FacundoFarias.jpg',1),(48894733,'José Sosa','1985-06-19','DIR 48894733','PLAYER','RIGHT',7,1.81,81,NULL,NULL,NULL,NULL,'48894733_JoseSosa.jpg',1),(48894734,'Edwuin Cetré','1998-01-01','DIR 48894734','PLAYER','RIGHT',18,1.74,74,NULL,NULL,NULL,NULL,'48894734_EdwuinCetre.jpg',1),(48894735,'Joaquín Tobio Burgos','2004-12-14','DIR 48894735','PLAYER','LEFT',17,1.77,77,NULL,NULL,NULL,NULL,'48894735_JoaquinTobioBurgos.jpg',1),(48894736,'Tiago Palacios','2001-03-28','DIR 48894736','PLAYER','LEFT',10,1.67,67,NULL,NULL,NULL,NULL,'48894736_TiagoPalacios.jpg',1),(48894737,'Leo Suárez','1996-03-30','DIR 48894737','PLAYER','LEFT',24,1.69,69,NULL,NULL,NULL,NULL,'48894737_LeoSuarez.jpg',1),(48894738,'Fabricio Pérez','2005-12-07','DIR 48894738','PLAYER','RIGHT',29,1.8,80,NULL,NULL,NULL,NULL,'48894738_FabricioPerez.jpg',1),(48894739,'Lucas Alario','1992-10-08','DIR 48894739','PLAYER','RIGHT',27,1.85,85,NULL,NULL,NULL,NULL,'48894739_LucasAlario.jpg',1),(48894740,'Guido Carrillo','1991-05-25','DIR 48894740','PLAYER','RIGHT',9,1.87,87,NULL,NULL,NULL,NULL,'48894740_GuidoCarrillo.jpg',1),(48894741,'Axel Werner','1996-02-28','DIR 48894741','PLAYER','RIGHT',20,1.91,91,NULL,NULL,NULL,NULL,'48894741_AxelWerner.jpg',1),(48894742,'Jorge Broun','1986-05-26','DIR 48894742','PLAYER','RIGHT',1,1.9,90,NULL,NULL,NULL,NULL,'48894742_JorgeBroun.jpg',1),(48894743,'Damián Fernández','2003-04-28','DIR 48894743','PLAYER','RIGHT',38,1.88,88,NULL,NULL,NULL,NULL,'48895015_DamianFernandez.jpg',1),(48894744,'Juan Giménez','2006-04-27','DIR 48894744','PLAYER','RIGHT',24,1.87,87,NULL,NULL,NULL,NULL,'48894744_JuanGimenez.jpg',1),(48894745,'Facundo Mallo','1995-01-16','DIR 48894745','PLAYER','RIGHT',15,1.86,86,NULL,NULL,NULL,NULL,'48894745_FacundoMallo.jpg',1),(48894746,'Juan Cruz Komar','1996-08-13','DIR 48894746','PLAYER','RIGHT',6,1.9,90,NULL,NULL,NULL,NULL,'48894746_JuanCruzKomar.jpg',1),(48894747,'Carlos Quintana','1988-02-11','DIR 48894747','PLAYER','AMBIDEXTROUS',2,1.9,90,NULL,NULL,NULL,NULL,'48894747_CarlosQuintana.jpg',1),(48894748,'Agustín Sández','2001-01-16','DIR 48894748','PLAYER','LEFT',3,1.84,84,NULL,NULL,NULL,NULL,'48894748_AgustinSandez.jpg',1),(48894749,'Juan Elordi','1994-08-21','DIR 48894749','PLAYER','LEFT',33,1.76,76,NULL,NULL,NULL,NULL,'48894749_JuanElordi.jpg',1),(48894750,'Emanuel Coronel','1997-02-01','DIR 48894750','PLAYER','RIGHT',32,1.74,74,NULL,NULL,NULL,NULL,'48894750_EmanuelCoronel.jpg',1),(48894751,'Franco Ibarra','2001-04-28','DIR 48894751','PLAYER','RIGHT',5,1.75,75,NULL,NULL,NULL,NULL,'48894751_FrancoIbarra.jpg',1),(48894752,'Federico Navarro','2000-03-09','DIR 48894752','PLAYER','AMBIDEXTROUS',31,1.71,71,NULL,NULL,NULL,NULL,'48894752_FedericoNavarro.jpg',1),(48894753,'Tomás O\'Connor','2004-03-25','DIR 48894753','PLAYER','RIGHT',30,1.75,75,NULL,NULL,NULL,NULL,'48894753_TomasO\'Connor.jpg',1),(48894754,'Enzo Giménez','1998-02-17','DIR 48894754','PLAYER','RIGHT',16,1.77,77,NULL,NULL,NULL,NULL,'48894754_EnzoGimenez.jpg',1),(48894755,'Ignacio Malcorra','1987-07-24','DIR 48894755','PLAYER','LEFT',10,1.7,70,NULL,NULL,NULL,NULL,'48894755_IgnacioMalcorra.jpg',1),(48894756,'Santiago Segovia','2007-03-26','DIR 48894756','PLAYER','RIGHT',17,1.7,70,NULL,NULL,NULL,NULL,'48894756_SantiagoSegovia.jpg',1),(48894757,'Francesco Lo Celso','2000-03-05','DIR 48894757','PLAYER','LEFT',18,1.75,75,NULL,NULL,NULL,NULL,'48894757_FrancescoLoCelso.jpg',1),(48894758,'Jáminton Campaz','2000-05-24','DIR 48894758','PLAYER','LEFT',8,1.65,65,NULL,NULL,NULL,NULL,'48894758_JamintonCampaz.jpg',1),(48894759,'Santiago López','2006-02-09','DIR 48894759','PLAYER','RIGHT',21,1.7,70,NULL,NULL,NULL,NULL,'48894759_SantiagoLopez.jpg',1),(48894760,'Maximiliano Lovera','1999-03-09','DIR 48894760','PLAYER','RIGHT',7,1.7,70,NULL,NULL,NULL,NULL,'48894760_MaximilianoLovera.jpg',1),(48894761,'Giovanni Cantizano','2007-03-21','DIR 48894761','PLAYER','AMBIDEXTROUS',26,1.8,80,NULL,NULL,NULL,NULL,'48894761_GiovanniCantizano.jpg',1),(48894762,'Ángel Di María','1988-02-14','DIR 48894762','PLAYER','LEFT',11,1.78,78,NULL,NULL,NULL,NULL,'48894762_AngelDiMaria.jpg',1),(48894763,'Gaspar Duarte','2003-01-06','DIR 48894763','PLAYER','AMBIDEXTROUS',27,1.75,75,NULL,NULL,NULL,NULL,'48894763_GasparDuarte.jpg',1),(48894764,'Enzo Copetti','1996-01-16','DIR 48894764','PLAYER','RIGHT',22,1.8,80,NULL,NULL,NULL,NULL,'48894764_EnzoCopetti.jpg',1),(48894765,'Alejo Veliz','2003-09-19','DIR 48894765','PLAYER','RIGHT',9,1.86,86,NULL,NULL,NULL,NULL,'48894765_AlejoVeliz.jpg',1),(48894766,'Agustín Módica','2003-01-12','DIR 48894766','PLAYER','RIGHT',44,1.87,87,NULL,NULL,NULL,NULL,'48894766_AgustinModica.jpg',1),(48894767,'Fabricio Oviedo','2004-02-19','DIR 48894767','PLAYER','RIGHT',39,1.75,75,NULL,NULL,NULL,NULL,'48894767_FabricioOviedo.jpg',1),(48894768,'Guido Herrera','1992-02-29','DIR 48894768','PLAYER','LEFT',22,1.87,87,NULL,NULL,NULL,NULL,'48894768_GuidoHerrera.jpg',1),(48894769,'Javier Burrai','1990-10-09','DIR 48894769','PLAYER','RIGHT',1,1.87,87,NULL,NULL,NULL,NULL,'48894769_JavierBurrai.jpg',1),(48894770,'Santino Barbi','2005-06-14','DIR 48894770','PLAYER','RIGHT',12,1.91,91,NULL,NULL,NULL,NULL,'48894770_SantinoBarbi.jpg',1),(48894771,'Rodrigo Guth','2000-11-10','DIR 48894771','PLAYER','RIGHT',14,1.92,92,NULL,NULL,NULL,NULL,'48894771_RodrigoGuth.jpg',1),(48894772,'Santiago Fernández','2005-03-30','DIR 48894772','PLAYER','RIGHT',44,1.81,81,NULL,NULL,NULL,NULL,'48894772_SantiagoFernandez.jpg',1),(48894773,'Matías Catalán','1992-08-19','DIR 48894773','PLAYER','RIGHT',4,1.82,82,NULL,NULL,NULL,NULL,'48894773_MatiasCatalan.jpg',1),(48894774,'Juan Gabriel Rodríguez','1994-02-28','DIR 48894774','PLAYER','RIGHT',6,1.88,88,NULL,NULL,NULL,NULL,'48894774_JuanGabrielRodriguez.jpg',1),(48894775,'José Luis Palomino','1990-01-05','DIR 48894775','PLAYER','LEFT',19,1.88,88,NULL,NULL,NULL,NULL,'48894775_JoseLuisPalomino.jpg',1),(48894776,'Miguel Navarro','1999-02-26','DIR 48894776','PLAYER','LEFT',16,1.75,75,NULL,NULL,NULL,NULL,'48894776_MiguelNavarro.jpg',1),(48894777,'Gabriel Báez','1995-07-21','DIR 48894777','PLAYER','LEFT',23,1.78,78,NULL,NULL,NULL,NULL,'48894777_GabrielBaez.jpg',1),(48894778,'Augusto Schott','2000-01-17','DIR 48894778','PLAYER','RIGHT',20,1.73,73,NULL,NULL,NULL,NULL,'48894778_AugustoSchott.jpg',1),(48894779,'Matías Galarza','2002-03-04','DIR 48894779','PLAYER','RIGHT',5,1.8,80,NULL,NULL,NULL,NULL,'48894779_MatiasGalarza.jpg',1),(48894780,'Joaquín Mosqueira','2004-11-01','DIR 48894780','PLAYER','RIGHT',17,1.84,84,NULL,NULL,NULL,NULL,'48894780_JoaquinMosqueira.jpg',1),(48894781,'Ulises Ortegoza','1997-04-19','DIR 48894781','PLAYER','RIGHT',30,1.8,80,NULL,NULL,NULL,NULL,'48894781_UlisesOrtegoza.jpg',1),(48894782,'Juan Portilla','1998-09-12','DIR 48894782','PLAYER','RIGHT',27,1.83,83,NULL,NULL,NULL,NULL,'48894782_JuanPortilla.jpg',1),(48894783,'Mateo Cáceres','2002-09-25','DIR 48894783','PLAYER','RIGHT',26,1.7,70,NULL,NULL,NULL,NULL,'48894783_MateoCaceres.jpg',1),(48894784,'Matías Gómez','2005-11-23','DIR 48894784','PLAYER','RIGHT',21,1.7,70,NULL,NULL,NULL,NULL,'48894784_MatiasGomez.jpg',1),(48894785,'Emanuel Reynoso','1995-11-16','DIR 48894785','PLAYER','LEFT',33,1.76,76,NULL,NULL,NULL,NULL,'48894785_EmanuelReynoso.jpg',1),(48894786,'Luis Sequeira','2003-01-08','DIR 48894786','PLAYER','RIGHT',32,1.72,72,NULL,NULL,NULL,NULL,'48894786_LuisSequeira.jpg',1),(48894787,'Rubén Botta','1990-01-31','DIR 48894787','PLAYER','LEFT',10,1.75,75,NULL,NULL,NULL,NULL,'48894787_RubenBotta.jpg',1),(48894788,'Luis Angulo','2004-03-23','DIR 48894788','PLAYER','RIGHT',18,1.74,74,NULL,NULL,NULL,NULL,'48894788_LuisAngulo.jpg',1),(48894789,'Rick','1999-09-02','DIR 48894789','PLAYER','RIGHT',77,1.7,70,NULL,NULL,NULL,NULL,'48894789_Rick.jpg',1),(48894790,'Valentín Depietri','2000-10-31','DIR 48894790','PLAYER','RIGHT',11,1.78,78,NULL,NULL,NULL,NULL,'48894790_ValentinDepietri.jpg',1),(48894791,'Ignacio Alastra','2007-10-29','DIR 48894791','PLAYER','AMBIDEXTROUS',24,1.8,80,NULL,NULL,NULL,NULL,'48894791_IgnacioAlastra.jpg',1),(48894792,'Federico Girotti','1999-06-02','DIR 48894792','PLAYER','RIGHT',9,1.9,90,NULL,NULL,NULL,NULL,'48894792_FedericoGirotti.jpg',1),(48894793,'Nahuel Bustos','1998-07-04','DIR 48894793','PLAYER','RIGHT',7,1.76,76,NULL,NULL,NULL,NULL,'48894793_NahuelBustos.jpg',1),(48894794,'Diego Rodríguez','1989-06-25','DIR 48894794','PLAYER','LEFT',50,1.84,84,NULL,NULL,NULL,NULL,'48894794_DiegoRodriguez.jpg',1),(48894795,'Sergio Romero','1987-02-22','DIR 48894795','PLAYER','RIGHT',44,1.92,92,NULL,NULL,NULL,NULL,'48894795_SergioRomero.jpg',1),(48894796,'Gonzalo Siri','2003-02-01','DIR 48894796','PLAYER','RIGHT',12,1.83,83,NULL,NULL,NULL,NULL,'48894796_GonzaloSiri.jpg',1),(48894797,'Francisco Álvarez','2000-02-26','DIR 48894797','PLAYER','RIGHT',16,1.8,80,NULL,NULL,NULL,NULL,'48894797_FranciscoAlvarez.jpg',1),(48894798,'Tobías Ramírez','2006-11-11','DIR 48894798','PLAYER','RIGHT',2,1.85,85,NULL,NULL,NULL,NULL,'48894798_TobiasRamirez.jpg',1),(48894799,'Mateo Antoni','2003-04-22','DIR 48894799','PLAYER','LEFT',33,1.81,81,NULL,NULL,NULL,NULL,'48894799_MateoAntoni.jpg',1),(48894800,'Érik Godoy','1993-08-16','DIR 48894800','PLAYER','RIGHT',4,1.85,85,NULL,NULL,NULL,NULL,'48894800_ErikGodoy.jpg',1),(48894801,'Román Riquelme','2002-05-18','DIR 48894801','PLAYER','RIGHT',25,1.86,86,NULL,NULL,NULL,NULL,'48894801_RomanRiquelme.jpg',1),(48894802,'Claudio Bravo','1997-03-13','DIR 48894802','PLAYER','LEFT',26,1.79,79,NULL,NULL,NULL,NULL,'48894802_ClaudioBravo.jpg',1),(48894803,'Sebastián Prieto','1993-04-09','DIR 48894803','PLAYER','LEFT',20,1.75,75,NULL,NULL,NULL,NULL,'48894803_SebastianPrieto.jpg',1),(48894804,'Leandro Lozano','1998-12-19','DIR 48894804','PLAYER','RIGHT',22,1.7,70,NULL,NULL,NULL,NULL,'48894804_LeandroLozano.jpg',1),(48894805,'Kevin Coronel','2004-08-11','DIR 48894805','PLAYER','RIGHT',14,1.68,68,NULL,NULL,NULL,NULL,'48894805_KevinCoronel.jpg',1),(48894806,'Luciano Sánchez','1994-01-25','DIR 48894806','PLAYER','RIGHT',3,1.69,69,NULL,NULL,NULL,NULL,'48894806_LucianoSanchez.jpg',1),(48894807,'Federico Fattori','1992-07-22','DIR 48894807','PLAYER','RIGHT',24,1.78,78,NULL,NULL,NULL,NULL,'48894807_FedericoFattori.jpg',1),(48894808,'Cristian Ferreira','1999-09-12','DIR 48894808','PLAYER','RIGHT',17,1.75,75,NULL,NULL,NULL,NULL,'48894808_CristianFerreira.jpg',1),(48894809,'Juan Cardozo','2004-02-24','DIR 48894809','PLAYER','RIGHT',5,1.75,75,NULL,NULL,NULL,NULL,'48894809_JuanCardozo.jpg',1),(48894810,'Lucas Gómez','2004-06-17','DIR 48894810','PLAYER','RIGHT',8,1.78,78,NULL,NULL,NULL,NULL,'48894810_LucasGomez.jpg',1),(48894811,'Joaquín Gho','2003-05-14','DIR 48894811','PLAYER','RIGHT',28,1.76,76,NULL,NULL,NULL,NULL,'48894811_JoaquinGho.jpg',1),(48894812,'Alan Lescano','2001-11-11','DIR 48894812','PLAYER','LEFT',10,1.82,82,NULL,NULL,NULL,NULL,'48894812_AlanLescano.jpg',1),(48894813,'Hernán López Muñoz','2000-09-07','DIR 48894813','PLAYER','LEFT',23,1.69,69,NULL,NULL,NULL,NULL,'48894813_HernanLopezMunoz.jpg',1),(48894814,'Gabriel Florentín','1999-03-13','DIR 48894814','PLAYER','RIGHT',21,1.73,73,NULL,NULL,NULL,NULL,'48894814_GabrielFlorentin.jpg',1),(48894815,'Nicolás Oroz','1994-04-01','DIR 48894815','PLAYER','LEFT',11,1.71,71,NULL,NULL,NULL,NULL,'48894815_NicolasOroz.jpg',1),(48894816,'Emiliano Viveros','2002-09-30','DIR 48894816','PLAYER','RIGHT',29,1.78,78,NULL,NULL,NULL,NULL,'48894816_EmilianoViveros.jpg',1),(48894817,'Lautaro Giaccone','2001-02-01','DIR 48894817','PLAYER','AMBIDEXTROUS',7,1.72,72,NULL,NULL,NULL,NULL,'48894817_LautaroGiaccone.jpg',1),(48894818,'Elias Peralta','2003-05-18','DIR 48894818','PLAYER','RIGHT',75,1.73,73,NULL,NULL,NULL,NULL,'48894818_EliasPeralta.jpg',1),(48894819,'Tomás Molina','1995-04-12','DIR 48894819','PLAYER','RIGHT',27,1.83,83,NULL,NULL,NULL,NULL,'48894819_TomasMolina.jpg',1),(48894820,'Matías Giménez','1999-03-06','DIR 48894820','PLAYER','LEFT',34,1.85,85,NULL,NULL,NULL,NULL,'48894820_MatiasGimenez.jpg',1),(48894821,'Rubén Bentancourt','1993-03-02','DIR 48894821','PLAYER','RIGHT',19,1.84,84,NULL,NULL,NULL,NULL,'48894821_RubenBentancourt.jpg',1),(48894822,'Diego Porcel','2005-01-21','DIR 48894822','PLAYER','RIGHT',47,1.77,77,NULL,NULL,NULL,NULL,'48894822_DiegoPorcel.jpg',1),(48894823,'Lautaro Ovando','2003-02-10','DIR 48894823','PLAYER','RIGHT',42,1.72,72,NULL,NULL,NULL,NULL,'48894823_LautaroOvando.jpg',1),(48894824,'Ismael Sosa','1987-01-18','DIR 48894824','PLAYER','RIGHT',18,1.79,79,NULL,NULL,NULL,NULL,'48894824_IsmaelSosa.jpg',1),(48894825,'Manuel Brondo','2002-02-25','DIR 48894825','PLAYER','RIGHT',30,1.78,78,NULL,NULL,NULL,NULL,'48894825_ManuelBrondo.jpg',1),(48894826,'Orlando Gill','2000-06-11','DIR 48894826','PLAYER','LEFT',12,1.98,98,NULL,NULL,NULL,NULL,'48894826_OrlandoGill.jpg',1),(48894827,'Facundo Altamirano','1996-03-21','DIR 48894827','PLAYER','RIGHT',20,1.89,89,NULL,NULL,NULL,NULL,'48894827_FacundoAltamirano.jpg',1),(48894828,'Jhohan Romaña','1998-09-13','DIR 48894828','PLAYER','RIGHT',4,1.85,85,NULL,NULL,NULL,NULL,'48894828_JhohanRomana.jpg',1),(48894829,'Gastón Hernández','1998-01-19','DIR 48894829','PLAYER','RIGHT',23,1.85,85,NULL,NULL,NULL,NULL,'48894829_GastonHernandez.jpg',1),(48894830,'Daniel Herrera','2004-02-06','DIR 48894830','PLAYER','RIGHT',36,1.81,81,NULL,NULL,NULL,NULL,'48894830_DanielHerrera.jpg',1),(48894831,'Nery Domínguez','1990-04-09','DIR 48894831','PLAYER','RIGHT',16,1.84,84,NULL,NULL,NULL,NULL,'48894831_NeryDominguez.jpg',1),(48894832,'Maximiliano Zelaya','1997-03-04','DIR 48894832','PLAYER','RIGHT',51,1.83,83,NULL,NULL,NULL,NULL,'48894832_MaximilianoZelaya.jpg',1),(48894833,'Alejo Córdoba','2004-05-17','DIR 48894833','PLAYER','RIGHT',35,1.87,87,NULL,NULL,NULL,NULL,'48894833_AlejoCordoba.jpg',1),(48894834,'Elías Báez','2004-10-18','DIR 48894834','PLAYER','AMBIDEXTROUS',37,1.75,75,NULL,NULL,NULL,NULL,'48894834_EliasBaez.jpg',1),(48894835,'Teo Rodríguez Pagano','2005-10-12','DIR 48894835','PLAYER','LEFT',33,1.78,78,NULL,NULL,NULL,NULL,'48894835_TeoRodriguezPagano.jpg',1),(48894836,'Ezequiel Herrera','2003-01-22','DIR 48894836','PLAYER','AMBIDEXTROUS',32,1.8,80,NULL,NULL,NULL,NULL,'48894836_EzequielHerrera.jpg',1),(48894837,'Nahuel Arias','2005-01-02','DIR 48894837','PLAYER','RIGHT',30,1.77,77,NULL,NULL,NULL,NULL,'48894837_NahuelArias.jpg',1),(48894838,'Fabricio López','2002-11-21','DIR 48894838','PLAYER','RIGHT',34,1.79,79,NULL,NULL,NULL,NULL,'48894838_FabricioLopez.jpg',1),(48894839,'Ignacio Perruzzi','2005-03-22','DIR 48894839','PLAYER','RIGHT',38,1.78,78,NULL,NULL,NULL,NULL,'48894839_IgnacioPerruzzi.jpg',1),(48894840,'Nicolás Tripichio','1996-01-05','DIR 48894840','PLAYER','RIGHT',24,1.76,76,NULL,NULL,NULL,NULL,'48894840_NicolasTripichio.jpg',1),(48894841,'Emanuel Cecchini','1996-12-24','DIR 48894841','PLAYER','RIGHT',15,1.79,79,NULL,NULL,NULL,NULL,'48894841_EmanuelCecchini.jpg',1),(48894842,'Francisco Perruzzi','2001-02-09','DIR 48894842','PLAYER','RIGHT',21,1.77,77,NULL,NULL,NULL,NULL,'48894842_FranciscoPerruzzi.jpg',1),(48894843,'Juan Rattalino','2004-06-23','DIR 48894843','PLAYER','RIGHT',40,1.68,68,NULL,NULL,NULL,NULL,'48894843_JuanRattalino.jpg',1),(48894844,'Manuel Insaurralde','1999-01-31','DIR 48894844','PLAYER','RIGHT',19,1.76,76,NULL,NULL,NULL,NULL,'48894844_ManuelInsaurralde.jpg',1),(48894845,'Agustín Ladstatter','2005-06-05','DIR 48894845','PLAYER','LEFT',50,1.74,74,NULL,NULL,NULL,NULL,'48894845_AgustinLadstatter.jpg',1),(48894846,'Facundo Gulli','2005-09-25','DIR 48894846','PLAYER','AMBIDEXTROUS',45,1.8,80,NULL,NULL,NULL,NULL,'48894846_FacundoGulli.jpg',1),(48894847,'Matías Reali','1997-11-14','DIR 48894847','PLAYER','AMBIDEXTROUS',11,1.65,65,NULL,NULL,NULL,NULL,'48894847_MatiasReali.jpg',1),(48894848,'Ezequiel Cerutti','1992-01-17','DIR 48894848','PLAYER','RIGHT',7,1.69,69,NULL,NULL,NULL,NULL,'48894848_EzequielCerutti.jpg',1),(48894849,'Andrés Vombergar','1994-11-20','DIR 48894849','PLAYER','RIGHT',9,1.88,88,NULL,NULL,NULL,NULL,'48894849_AndresVombergar.jpg',1),(48894850,'Alexis Cuello','2000-02-18','DIR 48894850','PLAYER','RIGHT',28,1.86,86,NULL,NULL,NULL,NULL,'48894850_AlexisCuello.jpg',1),(48894851,'Diego Herazo','1996-04-14','DIR 48894851','PLAYER','RIGHT',18,1.8,80,NULL,NULL,NULL,NULL,'48894851_DiegoHerazo.jpg',1),(48894852,'Branco Salinardi','2007-04-26','DIR 48894852','PLAYER','RIGHT',22,1.8,80,NULL,NULL,NULL,NULL,'48894852_BrancoSalinardi.jpg',1),(48894853,'Matías Hernández','2005-01-06','DIR 48894853','PLAYER','AMBIDEXTROUS',44,1.78,78,NULL,NULL,NULL,NULL,'48894853_MatiasHernandez.jpg',1),(48894854,'Nahuel Losada','1993-04-17','DIR 48894854','PLAYER','RIGHT',26,1.88,88,NULL,NULL,NULL,NULL,'48894854_NahuelLosada.jpg',1),(48894855,'Lautaro Morales','1999-12-16','DIR 48894855','PLAYER','RIGHT',17,1.87,87,NULL,NULL,NULL,NULL,'48894855_LautaroMorales.jpg',1),(48894856,'Ronaldo Dejesús','2001-04-21','DIR 48894856','PLAYER','RIGHT',35,1.92,92,NULL,NULL,NULL,NULL,'48894856_RonaldoDejesus.jpg',1),(48894857,'Gonzalo Pérez','2001-01-04','DIR 48894857','PLAYER','RIGHT',4,1.84,84,NULL,NULL,NULL,NULL,'48894857_GonzaloPerez.jpg',1),(48894858,'José Canale','1996-07-20','DIR 48894858','PLAYER','LEFT',13,1.87,87,NULL,NULL,NULL,NULL,'48894858_JoseCanale.jpg',1),(48894859,'Carlos Izquierdoz','1988-11-03','DIR 48894859','PLAYER','RIGHT',24,1.85,85,NULL,NULL,NULL,NULL,'48894859_CarlosIzquierdoz.jpg',1),(48894860,'Franco Ortellado','2001-05-30','DIR 48894860','PLAYER','LEFT',75,1.88,88,NULL,NULL,NULL,NULL,'48894860_FrancoOrtellado.jpg',1),(48894861,'Ezequiel Muñoz','1990-10-08','DIR 48894861','PLAYER','RIGHT',2,1.85,85,NULL,NULL,NULL,NULL,'48894861_EzequielMunoz.jpg',1),(48894862,'Leonel Cardozo','2004-01-09','DIR 48894862','PLAYER','RIGHT',75,1.83,83,NULL,NULL,NULL,NULL,'48894862_LeonelCardozo.jpg',1),(48894863,'Sasha Marcich','1998-05-29','DIR 48894863','PLAYER','LEFT',6,1.75,75,NULL,NULL,NULL,NULL,'48894863_SashaMarcich.jpg',1),(48894864,'Octavio Ontivero','2006-01-10','DIR 48894864','PLAYER','LEFT',28,1.74,74,NULL,NULL,NULL,NULL,'48894864_OctavioOntivero.jpg',1),(48894865,'Fabricio Acosta','2004-03-04','DIR 48894865','PLAYER','LEFT',27,1.73,73,NULL,NULL,NULL,NULL,'48894865_FabricioAcosta.jpg',1),(48894866,'Armando Méndez','1996-03-31','DIR 48894866','PLAYER','RIGHT',21,1.76,76,NULL,NULL,NULL,NULL,'48894866_ArmandoMendez.jpg',1),(48894867,'Nicolás Morgantini','1994-09-11','DIR 48894867','PLAYER','RIGHT',3,1.78,78,NULL,NULL,NULL,NULL,'48894867_NicolasMorgantini.jpg',1),(48894868,'Brian Aguilar','2003-04-13','DIR 48894868','PLAYER','RIGHT',29,1.83,83,NULL,NULL,NULL,NULL,'48894868_BrianAguilar.jpg',1),(48894869,'Agustín Medina','2006-10-24','DIR 48894869','PLAYER','RIGHT',39,1.75,75,NULL,NULL,NULL,NULL,'48894869_AgustinMedina.jpg',1),(48894870,'Felipe Peña Biafore','2001-04-05','DIR 48894870','PLAYER','RIGHT',5,1.8,80,NULL,NULL,NULL,NULL,'48894870_FelipePenaBiafore.jpg',1),(48894871,'Agustín Cardozo','1997-05-30','DIR 48894871','PLAYER','RIGHT',30,1.83,83,NULL,NULL,NULL,NULL,'48894871_AgustinCardozo.jpg',1),(48894872,'Raúl Loaiza','1994-06-08','DIR 48894872','PLAYER','RIGHT',15,1.8,80,NULL,NULL,NULL,NULL,'48894872_RaulLoaiza.jpg',1),(48894873,'Juan Ramírez','1993-05-25','DIR 48894873','PLAYER','LEFT',33,1.74,74,NULL,NULL,NULL,NULL,'48894873_JuanRamirez.jpg',1),(48894874,'Ramiro Carrera','1993-10-24','DIR 48894874','PLAYER','RIGHT',23,1.82,82,NULL,NULL,NULL,NULL,'48894874_RamiroCarrera.jpg',1),(48894875,'Marcelino Moreno','1995-06-25','DIR 48894875','PLAYER','RIGHT',10,1.68,68,NULL,NULL,NULL,NULL,'48894875_MarcelinoMoreno.jpg',1),(48894876,'Franco Watson','2002-07-25','DIR 48894876','PLAYER','RIGHT',8,1.77,77,NULL,NULL,NULL,NULL,'48894876_FrancoWatson.jpg',1),(48894877,'Dylan Aquino','2005-06-04','DIR 48894877','PLAYER','RIGHT',25,1.71,71,NULL,NULL,NULL,NULL,'48894877_DylanAquino.jpg',1),(48894878,'Lautaro Acosta','1988-03-14','DIR 48894878','PLAYER','RIGHT',7,1.71,71,NULL,NULL,NULL,NULL,'48894878_LautaroAcosta.jpg',1),(48894879,'Eduardo Salvio','1990-07-13','DIR 48894879','PLAYER','RIGHT',11,1.73,73,NULL,NULL,NULL,NULL,'48894879_EduardoSalvio.jpg',1),(48894880,'Alexis Segovia','2004-06-15','DIR 48894880','PLAYER','LEFT',36,1.78,78,NULL,NULL,NULL,NULL,'48894880_AlexisSegovia.jpg',1),(48894881,'Rodrigo Castillo','1999-02-26','DIR 48894881','PLAYER','RIGHT',19,1.87,87,NULL,NULL,NULL,NULL,'48894881_RodrigoCastillo.jpg',1),(48894882,'Walter Bou','1993-08-25','DIR 48894882','PLAYER','RIGHT',9,1.74,74,NULL,NULL,NULL,NULL,'48894882_WalterBou.jpg',1),(48894883,'Alexis Canelo','1992-02-03','DIR 48894883','PLAYER','RIGHT',14,1.78,78,NULL,NULL,NULL,NULL,'48894883_AlexisCanelo.jpg',1),(48894884,'Bruno Cabrera','2003-05-21','DIR 48894884','PLAYER','RIGHT',20,1.75,75,NULL,NULL,NULL,NULL,'48894884_BrunoCabrera.jpg',1),(48894885,'Thiago Cardozo','1996-07-31','DIR 48894885','PLAYER','RIGHT',25,1.82,82,NULL,NULL,NULL,NULL,'48894885_ThiagoCardozo.jpg',1),(48894886,'Ignacio Chicco','1996-06-30','DIR 48894886','PLAYER','LEFT',1,1.84,84,NULL,NULL,NULL,NULL,'48894886_IgnacioChicco.jpg',1),(48894887,'Manuel Vicentini','1990-08-29','DIR 48894887','PLAYER','RIGHT',23,1.87,87,NULL,NULL,NULL,NULL,'48894887_ManuelVicentini.jpg',1),(48894888,'Federico Ricca','1994-12-01','DIR 48894888','PLAYER','LEFT',16,1.79,79,NULL,NULL,NULL,NULL,'48894888_FedericoRicca.jpg',1),(48894889,'Leonardo Morales','1991-04-11','DIR 48894889','PLAYER','RIGHT',14,1.8,80,NULL,NULL,NULL,NULL,'48894889_LeonardoMorales.jpg',1),(48894890,'Alexis Maldonado','1997-09-02','DIR 48894890','PLAYER','RIGHT',24,1.87,87,NULL,NULL,NULL,NULL,'48894890_AlexisMaldonado.jpg',1),(48894891,'Lisandro López','1989-09-01','DIR 48894891','PLAYER','RIGHT',17,1.87,87,NULL,NULL,NULL,NULL,'48894891_LisandroLopez.jpg',1),(48894892,'Aníbal Leguizamón','1992-01-10','DIR 48894892','PLAYER','AMBIDEXTROUS',2,1.86,86,NULL,NULL,NULL,NULL,'48894892_AnibalLeguizamon.jpg',1),(48894893,'Lucas Bernabéu','2004-01-07','DIR 48894893','PLAYER','LEFT',18,1.9,90,NULL,NULL,NULL,NULL,'48894893_LucasBernabeu.jpg',1),(48894894,'Juan Velázquez','2004-11-19','DIR 48894894','PLAYER','LEFT',53,1.77,77,NULL,NULL,NULL,NULL,'48894894_JuanVelazquez.jpg',1),(48894895,'Tobias Ostchega','1998-08-26','DIR 48894895','PLAYER','LEFT',33,1.76,76,NULL,NULL,NULL,NULL,'48894895_TobiasOstchega.jpg',1),(48894896,'Adrián Spörle','1995-07-13','DIR 48894896','PLAYER','LEFT',3,1.82,82,NULL,NULL,NULL,NULL,'48894896_AdrianSporle.jpg',1),(48894897,'Elías López','2000-07-08','DIR 48894897','PLAYER','RIGHT',4,1.78,78,NULL,NULL,NULL,NULL,'48894897_EliasLopez.jpg',1),(48894898,'Santiago Longo','1998-04-12','DIR 48894898','PLAYER','RIGHT',5,1.77,77,NULL,NULL,NULL,NULL,'48894898_SantiagoLongo.jpg',1),(48894899,'Rodrigo Saravia','2000-08-17','DIR 48894899','PLAYER','RIGHT',30,1.74,74,NULL,NULL,NULL,NULL,'48894899_RodrigoSaravia.jpg',1),(48894900,'Facundo Quignón','1993-05-02','DIR 48894900','PLAYER','LEFT',19,1.78,78,NULL,NULL,NULL,NULL,'48894900_FacundoQuignon.jpg',1),(48894901,'Gerónimo Heredia','2005-02-09','DIR 48894901','PLAYER','RIGHT',34,1.78,78,NULL,NULL,NULL,NULL,'48894901_GeronimoHeredia.jpg',1),(48894902,'Agustin Baldi','2002-05-11','DIR 48894902','PLAYER','LEFT',45,1.85,85,NULL,NULL,NULL,NULL,'48894902_AgustinBaldi.jpg',1),(48894903,'Lucas Menossi','1992-07-11','DIR 48894903','PLAYER','RIGHT',15,1.69,69,NULL,NULL,NULL,NULL,'48894903_LucasMenossi.jpg',1),(48894904,'Gabriel Compagnucci','1991-08-29','DIR 48894904','PLAYER','RIGHT',8,1.79,79,NULL,NULL,NULL,NULL,'48894904_GabrielCompagnucci.jpg',1),(48894905,'Lucas Zelarayán','1992-06-20','DIR 48894905','PLAYER','RIGHT',10,1.73,73,NULL,NULL,NULL,NULL,'48894905_LucasZelarayan.jpg',1),(48894906,'Francisco González Metilli','1997-03-29','DIR 48894906','PLAYER','LEFT',11,1.75,75,NULL,NULL,NULL,NULL,'48894906_FranciscoGonzalezMetilli.jpg',1),(48894907,'Jeremías Lucco','2005-12-10','DIR 48894907','PLAYER','RIGHT',42,1.72,72,NULL,NULL,NULL,NULL,'48894907_JeremiasLucco.jpg',1),(48894908,'Julián Mavilla','2000-04-27','DIR 48894908','PLAYER','LEFT',32,1.8,80,NULL,NULL,NULL,NULL,'48894908_JulianMavilla.jpg',1),(48894909,'Ramiro Hernandes','2004-11-19','DIR 48894909','PLAYER','RIGHT',51,1.72,72,NULL,NULL,NULL,NULL,'48894909_RamiroHernandes.jpg',1),(48894910,'Gonzalo Zelarayán','2004-04-28','DIR 48894910','PLAYER','LEFT',20,1.79,79,NULL,NULL,NULL,NULL,'48894910_GonzaloZelarayan.jpg',1),(48894911,'Bryan Reyna','1998-08-23','DIR 48894911','PLAYER','RIGHT',7,1.72,72,NULL,NULL,NULL,NULL,'48894911_BryanReyna.jpg',1),(48894912,'Ulises Sánchez','1998-06-26','DIR 48894912','PLAYER','RIGHT',12,1.69,69,NULL,NULL,NULL,NULL,'48894912_UlisesSanchez.jpg',1),(48894913,'Nicolás Fernández','1996-02-08','DIR 48894913','PLAYER','RIGHT',22,1.66,66,NULL,NULL,NULL,NULL,'48894932_NicolasFernandez.jpg',1),(48894914,'Lucas Passerini','1994-07-16','DIR 48894914','PLAYER','RIGHT',9,1.89,89,NULL,NULL,NULL,NULL,'48894914_LucasPasserini.jpg',1),(48894915,'Franco Jara','1988-07-15','DIR 48894915','PLAYER','RIGHT',29,1.81,81,NULL,NULL,NULL,NULL,'48894915_FrancoJara.jpg',1),(48894916,'Franco Petroli','1998-06-11','DIR 48894916','PLAYER','LEFT',1,1.88,88,NULL,NULL,NULL,NULL,'48894916_FrancoPetroli.jpg',1),(48894917,'Rodrigo Saracho','1994-01-06','DIR 48894917','PLAYER','LEFT',75,1.93,93,NULL,NULL,NULL,NULL,'48894917_RodrigoSaracho.jpg',1),(48894918,'Nicolás Cláa','2004-08-05','DIR 48894918','PLAYER','LEFT',17,1.85,85,NULL,NULL,NULL,NULL,'48894918_NicolasClaa.jpg',1),(48894919,'Edilson Salinas','2002-07-09','DIR 48894919','PLAYER','LEFT',40,1.9,90,NULL,NULL,NULL,NULL,'48894919_EdilsonSalinas.jpg',1),(48894920,'Mateo Mendoza','2004-11-21','DIR 48894920','PLAYER','RIGHT',26,1.81,81,NULL,NULL,NULL,NULL,'48894920_MateoMendoza.jpg',1),(48894921,'Juan Escobar','1995-07-11','DIR 48894921','PLAYER','RIGHT',5,1.77,77,NULL,NULL,NULL,NULL,'48894921_JuanEscobar.jpg',1),(48894922,'Federico Rasmussen','1992-03-04','DIR 48894922','PLAYER','LEFT',23,1.91,91,NULL,NULL,NULL,NULL,'48894922_FedericoRasmussen.jpg',1),(48894923,'Tomás Rossi','1999-04-18','DIR 48894923','PLAYER','RIGHT',2,1.87,87,NULL,NULL,NULL,NULL,'48894923_TomasRossi.jpg',1),(48894924,'Leandro Quiroz','2004-01-16','DIR 48894924','PLAYER','LEFT',6,1.83,83,NULL,NULL,NULL,NULL,'48894924_LeandroQuiroz.jpg',1),(48894925,'Juan Morán','2006-07-10','DIR 48894925','PLAYER','LEFT',3,1.83,83,NULL,NULL,NULL,NULL,'48894925_JuanMoran.jpg',1),(48894926,'Andrés Meli','2000-09-01','DIR 48894926','PLAYER','LEFT',21,1.75,75,NULL,NULL,NULL,NULL,'48894926_AndresMeli.jpg',1),(48894927,'Lucas Arce','1997-08-14','DIR 48894927','PLAYER','RIGHT',4,1.72,72,NULL,NULL,NULL,NULL,'48894927_LucasArce.jpg',1),(48894928,'Leonardo Jara','1991-05-20','DIR 48894928','PLAYER','RIGHT',29,1.84,84,NULL,NULL,NULL,NULL,'48894928_LeonardoJara.jpg',1),(48894929,'Francisco Facello','2003-01-11','DIR 48894929','PLAYER','RIGHT',15,1.7,70,NULL,NULL,NULL,NULL,'48894929_FranciscoFacello.jpg',1),(48894930,'Vicente Poggi','2002-07-11','DIR 48894930','PLAYER','RIGHT',25,1.73,73,NULL,NULL,NULL,NULL,'48894930_VicentePoggi.jpg',1),(48894931,'Maximiliano González','2004-05-04','DIR 48894931','PLAYER','RIGHT',16,1.84,84,NULL,NULL,NULL,NULL,'48894931_MaximilianoGonzalez.jpg',1),(48894932,'Nicolás Fernández','1998-03-02','DIR 48894932','PLAYER','RIGHT',13,1.8,80,NULL,NULL,NULL,NULL,'48894932_NicolasFernandez.jpg',1),(48894933,'Gonzalo Abrego','2000-01-07','DIR 48894933','PLAYER','RIGHT',32,1.84,84,NULL,NULL,NULL,NULL,'48894933_GonzaloAbrego.jpg',1),(48894934,'Pol Fernández','1991-10-11','DIR 48894934','PLAYER','RIGHT',22,1.76,76,NULL,NULL,NULL,NULL,'48894934_PolFernandez.jpg',1),(48894935,'Walter Montoya','1993-07-21','DIR 48894935','PLAYER','RIGHT',59,1.73,73,NULL,NULL,NULL,NULL,'48894935_WalterMontoya.jpg',1),(48894936,'Agustín Valverde','2002-03-26','DIR 48894936','PLAYER','RIGHT',8,1.75,75,NULL,NULL,NULL,NULL,'48894936_AgustinValverde.jpg',1),(48894937,'Misael Sosa','2002-01-28','DIR 48894937','PLAYER','RIGHT',20,1.72,72,NULL,NULL,NULL,NULL,'48894937_MisaelSosa.jpg',1),(48894938,'Tomás Pozzo','2000-09-27','DIR 48894938','PLAYER','LEFT',10,1.68,68,NULL,NULL,NULL,NULL,'48894938_TomasPozzo.jpg',1),(48894939,'Luciano Pascual','2004-06-23','DIR 48894939','PLAYER','RIGHT',35,1.79,79,NULL,NULL,NULL,NULL,'48894939_LucianoPascual.jpg',1),(48894940,'Maximiliano Porcel','2006-01-02','DIR 48894940','PLAYER','LEFT',80,1.78,78,NULL,NULL,NULL,NULL,'48894940_MaximilianoPorcel.jpg',1),(48894941,'Agustín Villalobos','2003-06-04','DIR 48894941','PLAYER','RIGHT',14,1.81,81,NULL,NULL,NULL,NULL,'48894941_AgustinVillalobos.jpg',1),(48894942,'Santino Andino','2005-10-25','DIR 48894942','PLAYER','RIGHT',27,1.74,74,NULL,NULL,NULL,NULL,'48894942_SantinoAndino.jpg',1),(48894943,'Bastián Yáñez','2001-06-27','DIR 48894943','PLAYER','LEFT',24,1.77,77,NULL,NULL,NULL,NULL,'48894943_BastianYanez.jpg',1),(48894944,'Facundo Altamira','2001-08-03','DIR 48894944','PLAYER','RIGHT',41,1.83,83,NULL,NULL,NULL,NULL,'48894944_FacundoAltamira.jpg',1),(48894945,'Agustín Auzmendi','1997-02-01','DIR 48894945','PLAYER','RIGHT',31,1.81,81,NULL,NULL,NULL,NULL,'48894945_AgustinAuzmendi.jpg',1),(48894946,'Daniel Barrea','2001-07-22','DIR 48894946','PLAYER','AMBIDEXTROUS',11,1.83,83,NULL,NULL,NULL,NULL,'48894946_DanielBarrea.jpg',1),(48894947,'Luca Martínez Dupuy','2001-06-05','DIR 48894947','PLAYER','RIGHT',77,1.78,78,NULL,NULL,NULL,NULL,'48894947_LucaMartinezDupuy.jpg',1),(48894948,'Nahuel Ulariaga','2002-03-02','DIR 48894948','PLAYER','RIGHT',9,1.74,74,NULL,NULL,NULL,NULL,'48894948_NahuelUlariaga.jpg',1),(48894949,'Sebastián Meza','2000-03-14','DIR 48894949','PLAYER','RIGHT',32,1.8,80,NULL,NULL,NULL,NULL,'48894949_SebastianMeza.jpg',1),(48894950,'Hernán Galíndez','1987-03-30','DIR 48894950','PLAYER','RIGHT',1,1.89,89,NULL,NULL,NULL,NULL,'48894950_HernanGalindez.jpg',1),(48894951,'Nazareno Durán','2004-05-10','DIR 48894951','PLAYER','RIGHT',27,1.89,89,NULL,NULL,NULL,NULL,'48894951_NazarenoDuran.jpg',1),(48894952,'Lucas Carrizo','1997-05-20','DIR 48894952','PLAYER','LEFT',3,1.8,80,NULL,NULL,NULL,NULL,'48894952_LucasCarrizo.jpg',1),(48894953,'Hugo Nervo','1991-01-06','DIR 48894953','PLAYER','RIGHT',15,1.83,83,NULL,NULL,NULL,NULL,'48894953_HugoNervo.jpg',1),(48894954,'Nicolás Goitea','1997-06-11','DIR 48894954','PLAYER','RIGHT',2,1.85,85,NULL,NULL,NULL,NULL,'48894954_NicolasGoitea.jpg',1),(48894955,'Nehuén Paz','1993-04-28','DIR 48894955','PLAYER','LEFT',30,1.92,92,NULL,NULL,NULL,NULL,'48894955_NehuenPaz.jpg',1),(48894956,'Daniel Zabala','2003-01-17','DIR 48894956','PLAYER','RIGHT',22,1.81,81,NULL,NULL,NULL,NULL,'48894956_DanielZabala.jpg',1),(48894957,'Fabio Pereyra','1990-01-31','DIR 48894957','PLAYER','RIGHT',6,1.85,85,NULL,NULL,NULL,NULL,'48894957_FabioPereyra.jpg',1),(48894958,'Patricio Pizarro','2000-07-27','DIR 48894958','PLAYER','RIGHT',75,1.83,83,NULL,NULL,NULL,NULL,'48894958_PatricioPizarro.jpg',1),(48894959,'César Ibáñez','1999-06-17','DIR 48894959','PLAYER','LEFT',25,1.7,70,NULL,NULL,NULL,NULL,'48894959_CesarIbanez.jpg',1),(48894960,'Leandro Lescano','2003-03-03','DIR 48894960','PLAYER','LEFT',19,1.72,72,NULL,NULL,NULL,NULL,'48894960_LeandroLescano.jpg',1),(48894961,'Tomás Guidara','1996-03-13','DIR 48894961','PLAYER','RIGHT',24,1.73,73,NULL,NULL,NULL,NULL,'48894961_TomasGuidara.jpg',1),(48894962,'Hernán de la Fuente','1997-01-07','DIR 48894962','PLAYER','RIGHT',29,1.78,78,NULL,NULL,NULL,NULL,'48894962_HernandelaFuente.jpg',1),(48894963,'Leonel Pérez','2004-08-09','DIR 48894963','PLAYER','RIGHT',5,1.86,86,NULL,NULL,NULL,NULL,'48894963_LeonelPerez.jpg',1),(48894964,'Emmanuel Ojeda','1997-11-05','DIR 48894964','PLAYER','RIGHT',20,1.8,80,NULL,NULL,NULL,NULL,'48894964_EmmanuelOjeda.jpg',1),(48894965,'Milton Ríos','2004-04-15','DIR 48894965','PLAYER','LEFT',36,1.73,73,NULL,NULL,NULL,NULL,'48894965_MiltonRios.jpg',1),(48894966,'Leonardo Gil','1991-05-31','DIR 48894966','PLAYER','LEFT',8,1.76,76,NULL,NULL,NULL,NULL,'48894966_LeonardoGil.jpg',1),(48894967,'Facundo Waller','1997-04-09','DIR 48894967','PLAYER','LEFT',31,1.74,74,NULL,NULL,NULL,NULL,'48894967_FacundoWaller.jpg',1),(48894968,'Gabriel Alanís','1994-03-16','DIR 48894968','PLAYER','LEFT',17,1.86,86,NULL,NULL,NULL,NULL,'48894968_GabrielAlanis.jpg',1),(48894969,'Matko Miljevic','2001-05-09','DIR 48894969','PLAYER','RIGHT',18,1.76,76,NULL,NULL,NULL,NULL,'48894969_MatkoMiljevic.jpg',1),(48894970,'Agustín Urzi','2000-05-04','DIR 48894970','PLAYER','LEFT',11,1.69,69,NULL,NULL,NULL,NULL,'48894970_AgustinUrzi.jpg',1),(48894971,'Rodrigo Cabral','2000-08-08','DIR 48894971','PLAYER','LEFT',16,1.7,70,NULL,NULL,NULL,NULL,'48894971_RodrigoCabral.jpg',1),(48894972,'Juan Bisanz','2001-08-28','DIR 48894972','PLAYER','RIGHT',21,1.76,76,NULL,NULL,NULL,NULL,'48894972_JuanBisanz.jpg',1),(48894973,'Leonardo Sequeira','1995-04-26','DIR 48894973','PLAYER','RIGHT',26,1.77,77,NULL,NULL,NULL,NULL,'48894973_LeonardoSequeira.jpg',1),(48894974,'Eric Ramírez','1996-09-21','DIR 48894974','PLAYER','RIGHT',43,1.7,70,NULL,NULL,NULL,NULL,'48894974_EricRamirez.jpg',1),(48894975,'Matías Tissera','1996-09-06','DIR 48894975','PLAYER','RIGHT',7,1.73,73,NULL,NULL,NULL,NULL,'48894975_MatiasTissera.jpg',1),(48894976,'Luciano Giménez','2000-02-18','DIR 48894976','PLAYER','RIGHT',23,1.87,87,NULL,NULL,NULL,NULL,'48894976_LucianoGimenez.jpg',1),(48894977,'Ramón Ábila','1989-10-14','DIR 48894977','PLAYER','RIGHT',9,1.77,77,NULL,NULL,NULL,NULL,'48894977_RamonAbila.jpg',1),(48894978,'Matías Pólvera','2000-12-13','DIR 48894978','PLAYER','LEFT',75,1.91,91,NULL,NULL,NULL,NULL,'48894978_MatiasPolvera.jpg',1),(48894979,'Felipe Zenobio','2000-05-22','DIR 48894979','PLAYER','RIGHT',12,1.83,83,NULL,NULL,NULL,NULL,'48894979_FelipeZenobio.jpg',1),(48894980,'Tomás Sultani','1998-06-22','DIR 48894980','PLAYER','RIGHT',26,1.86,86,NULL,NULL,NULL,NULL,'48894980_TomasSultani.jpg',1),(48894981,'Luka Fuster','2006-08-09','DIR 48894981','PLAYER','RIGHT',1,1.83,83,NULL,NULL,NULL,NULL,'48894981_LukaFuster.jpg',1),(48894982,'Tomás Cardona','1995-10-10','DIR 48894982','PLAYER','LEFT',14,1.85,85,NULL,NULL,NULL,NULL,'48894982_TomasCardona.jpg',1),(48894983,'Alan Barrionuevo','1997-01-02','DIR 48894983','PLAYER','RIGHT',20,1.88,88,NULL,NULL,NULL,NULL,'48894983_AlanBarrionuevo.jpg',1),(48894984,'Joaquín Laso','1990-07-04','DIR 48894984','PLAYER','RIGHT',2,1.85,85,NULL,NULL,NULL,NULL,'48894984_JoaquinLaso.jpg',1),(48894985,'Ramón Arias','1992-07-27','DIR 48894985','PLAYER','RIGHT',42,1.81,81,NULL,NULL,NULL,NULL,'48894985_RamonArias.jpg',1),(48894986,'Tomás Fernández','2004-01-07','DIR 48894986','PLAYER','RIGHT',38,1.81,81,NULL,NULL,NULL,NULL,'48895445_TomasFernandez.jpg',1),(48894987,'Nahuel Banegas','1996-10-06','DIR 48894987','PLAYER','LEFT',3,1.77,77,NULL,NULL,NULL,NULL,'48894987_NahuelBanegas.jpg',1),(48894988,'Federico Álvarez','1994-08-07','DIR 48894988','PLAYER','LEFT',24,1.83,83,NULL,NULL,NULL,NULL,'48894988_FedericoAlvarez.jpg',1),(48894989,'Diego Sosa','1997-07-28','DIR 48894989','PLAYER','LEFT',6,1.77,77,NULL,NULL,NULL,NULL,'48894989_DiegoSosa.jpg',1),(48894990,'Ángelo Marchese','2004-08-02','DIR 48894990','PLAYER','LEFT',15,1.73,73,NULL,NULL,NULL,NULL,'48894990_AngeloMarchese.jpg',1),(48894991,'Martín Ortega','1999-08-20','DIR 48894991','PLAYER','RIGHT',4,1.81,81,NULL,NULL,NULL,NULL,'48894991_MartinOrtega.jpg',1),(48894992,'Martín Garay','1999-06-12','DIR 48894992','PLAYER','RIGHT',8,1.67,67,NULL,NULL,NULL,NULL,'48894992_MartinGaray.jpg',1),(48894993,'Guillermo Soto','1994-01-19','DIR 48894993','PLAYER','RIGHT',17,1.75,75,NULL,NULL,NULL,NULL,'48894993_GuillermoSoto.jpg',1),(48894994,'Valentín Moreno','2003-02-19','DIR 48894994','PLAYER','RIGHT',25,1.73,73,NULL,NULL,NULL,NULL,'48894994_ValentinMoreno.jpg',1),(48894995,'Bruno Leyes','2001-10-30','DIR 48894995','PLAYER','LEFT',5,1.73,73,NULL,NULL,NULL,NULL,'48894995_BrunoLeyes.jpg',1),(48894996,'Jalil Elías','1996-04-25','DIR 48894996','PLAYER','RIGHT',30,1.75,75,NULL,NULL,NULL,NULL,'48894996_JalilElias.jpg',1),(48894997,'Julián López','2000-01-08','DIR 48894997','PLAYER','RIGHT',22,1.86,86,NULL,NULL,NULL,NULL,'48894997_JulianLopez.jpg',1),(48894998,'Jabes Saralegui','2003-04-12','DIR 48894998','PLAYER','LEFT',10,1.81,81,NULL,NULL,NULL,NULL,'48894998_JabesSaralegui.jpg',1),(48894999,'Santiago González','2003-05-03','DIR 48894999','PLAYER','RIGHT',27,1.82,82,NULL,NULL,NULL,NULL,'48894999_SantiagoGonzalez.jpg',1),(48895000,'Simón Rivero','2003-04-16','DIR 48895000','PLAYER','LEFT',7,1.72,72,NULL,NULL,NULL,NULL,'48895000_SimonRivero.jpg',1),(48895001,'Gonzalo Piñeiro','2000-10-03','DIR 48895001','PLAYER','RIGHT',23,1.76,76,NULL,NULL,NULL,NULL,'48895001_GonzaloPineiro.jpg',1),(48895002,'Sebastián Medina','2000-03-15','DIR 48895002','PLAYER','LEFT',21,1.77,77,NULL,NULL,NULL,NULL,'48895002_SebastianMedina.jpg',1),(48895003,'Elías Cabrera','2003-02-25','DIR 48895003','PLAYER','RIGHT',33,1.72,72,NULL,NULL,NULL,NULL,'48895003_EliasCabrera.jpg',1),(48895004,'Blas Armoa','2000-02-03','DIR 48895004','PLAYER','RIGHT',18,1.79,79,NULL,NULL,NULL,NULL,'48895004_BlasArmoa.jpg',1),(48895005,'Héctor Fértoli','1994-12-03','DIR 48895005','PLAYER','RIGHT',11,1.75,75,NULL,NULL,NULL,NULL,'48895005_HectorFertoli.jpg',1),(48895006,'Braian Martínez','1999-08-18','DIR 48895006','PLAYER','RIGHT',32,1.6,60,NULL,NULL,NULL,NULL,'48895006_BraianMartinez.jpg',1),(48895007,'Manuel Fernández','2004-10-08','DIR 48895007','PLAYER','RIGHT',37,1.83,83,NULL,NULL,NULL,NULL,'48895007_ManuelFernandez.jpg',1),(48895008,'Ignacio Russo','2000-12-13','DIR 48895008','PLAYER','RIGHT',29,1.75,75,NULL,NULL,NULL,NULL,'48895008_IgnacioRusso.jpg',1),(48895009,'David Romero','2003-03-25','DIR 48895009','PLAYER','RIGHT',9,1.79,79,NULL,NULL,NULL,NULL,'48895009_DavidRomero.jpg',1),(48895010,'Alfio Oviedo','1995-12-18','DIR 48895010','PLAYER','RIGHT',19,1.81,81,NULL,NULL,NULL,NULL,'48895010_AlfioOviedo.jpg',1),(48895011,'Josué Reinatti','2003-06-02','DIR 48895011','PLAYER','LEFT',30,1.88,88,NULL,NULL,NULL,NULL,'48895011_JosueReinatti.jpg',1),(48895012,'Facundo Masuero','2000-05-23','DIR 48895012','PLAYER','RIGHT',1,1.9,90,NULL,NULL,NULL,NULL,'48895012_FacundoMasuero.jpg',1),(48895013,'Enrique Bologna','1982-02-13','DIR 48895013','PLAYER','RIGHT',25,1.88,88,NULL,NULL,NULL,NULL,'48895013_EnriqueBologna.jpg',1),(48895014,'Roberto León','2001-08-08','DIR 48895014','PLAYER','RIGHT',36,1.85,85,NULL,NULL,NULL,NULL,'48895014_RobertoLeon.jpg',1),(48895015,'Damián Fernández','2001-01-02','DIR 48895015','PLAYER','RIGHT',29,1.79,79,NULL,NULL,NULL,NULL,'48895015_DamianFernandez.jpg',1),(48895016,'Lucas Ferreira','2000-06-16','DIR 48895016','PLAYER','RIGHT',6,1.89,89,NULL,NULL,NULL,NULL,'48895016_LucasFerreira.jpg',1),(48895017,'Emanuel Aguilera','1989-06-11','DIR 48895017','PLAYER','RIGHT',28,1.87,87,NULL,NULL,NULL,NULL,'48895017_EmanuelAguilera.jpg',1),(48895018,'Samuel Lucero','2005-07-29','DIR 48895018','PLAYER','LEFT',2,1.84,84,NULL,NULL,NULL,NULL,'48895018_SamuelLucero.jpg',1),(48895019,'Alexis Soto','1993-10-20','DIR 48895019','PLAYER','LEFT',3,1.76,76,NULL,NULL,NULL,NULL,'48895019_AlexisSoto.jpg',1),(48895020,'Rafael Delgado','1990-01-13','DIR 48895020','PLAYER','LEFT',34,1.75,75,NULL,NULL,NULL,NULL,'48895020_RafaelDelgado.jpg',1),(48895021,'Ezequiel Cannavo','2002-06-12','DIR 48895021','PLAYER','RIGHT',14,1.8,80,NULL,NULL,NULL,NULL,'48895021_EzequielCannavo.jpg',1),(48895022,'Lucas Souto','1998-10-11','DIR 48895022','PLAYER','AMBIDEXTROUS',13,1.8,80,NULL,NULL,NULL,NULL,'48895022_LucasSouto.jpg',1),(48895023,'Tobías Rubio','2004-07-27','DIR 48895023','PLAYER','RIGHT',38,1.77,77,NULL,NULL,NULL,NULL,'48895023_TobiasRubio.jpg',1),(48895024,'Kevin Gutiérrez','1997-06-03','DIR 48895024','PLAYER','RIGHT',5,1.74,74,NULL,NULL,NULL,NULL,'48895024_KevinGutierrez.jpg',1),(48895025,'Benjamín Schamine','2003-10-24','DIR 48895025','PLAYER','AMBIDEXTROUS',35,1.78,78,NULL,NULL,NULL,NULL,'48895025_BenjaminSchamine.jpg',1),(48895026,'César Pérez','2002-11-29','DIR 48895026','PLAYER','RIGHT',8,1.76,76,NULL,NULL,NULL,NULL,'48895026_CesarPerez.jpg',1),(48895027,'Lucas González','2000-06-03','DIR 48895027','PLAYER','RIGHT',20,1.69,69,NULL,NULL,NULL,NULL,'48895027_LucasGonzalez.jpg',1),(48895028,'Santiago Sosa','2005-01-30','DIR 48895028','PLAYER','RIGHT',22,1.75,75,NULL,NULL,NULL,NULL,'48895028_SantiagoSosa.jpg',1),(48895029,'Matías Miranda','2000-05-05','DIR 48895029','PLAYER','LEFT',21,1.74,74,NULL,NULL,NULL,NULL,'48895029_MatiasMiranda.jpg',1),(48895030,'Agustín Hausch','2003-05-21','DIR 48895030','PLAYER','RIGHT',17,1.75,75,NULL,NULL,NULL,NULL,'48895030_AgustinHausch.jpg',1),(48895031,'Aarón Molinas','2000-08-02','DIR 48895031','PLAYER','RIGHT',10,1.75,75,NULL,NULL,NULL,NULL,'48895031_AaronMolinas.jpg',1),(48895032,'Mateo Aguiar','2007-03-18','DIR 48895032','PLAYER','AMBIDEXTROUS',23,1.68,68,NULL,NULL,NULL,NULL,'48895032_MateoAguiar.jpg',1),(48895033,'Lenny Lobato','2001-02-03','DIR 48895033','PLAYER','LEFT',11,1.74,74,NULL,NULL,NULL,NULL,'48895033_LennyLobato.jpg',1),(48895034,'David Barbona','1995-02-22','DIR 48895034','PLAYER','RIGHT',19,1.76,76,NULL,NULL,NULL,NULL,'48895034_DavidBarbona.jpg',1),(48895035,'Uriel La Roza','2005-02-27','DIR 48895035','PLAYER','LEFT',31,1.7,70,NULL,NULL,NULL,NULL,'48895035_UrielLaRoza.jpg',1),(48895036,'Matías Sosa','2001-08-18','DIR 48895036','PLAYER','RIGHT',32,1.79,79,NULL,NULL,NULL,NULL,'48895036_MatiasSosa.jpg',1),(48895037,'Juan Miritello','1999-02-08','DIR 48895037','PLAYER','RIGHT',9,1.82,82,NULL,NULL,NULL,NULL,'48895037_JuanMiritello.jpg',1),(48895038,'Abiel Osorio','2002-06-13','DIR 48895038','PLAYER','RIGHT',7,1.82,82,NULL,NULL,NULL,NULL,'48895038_AbielOsorio.jpg',1),(48895039,'Juan Gutiérrez','2002-02-04','DIR 48895039','PLAYER','RIGHT',24,1.78,78,NULL,NULL,NULL,NULL,'48895039_JuanGutierrez.jpg',1),(48895040,'Nicolás Stefanelli','1994-11-22','DIR 48895040','PLAYER','RIGHT',15,1.66,66,NULL,NULL,NULL,NULL,'48895040_NicolasStefanelli.jpg',1),(48895041,'Luca Franco','2002-11-26','DIR 48895041','PLAYER','RIGHT',75,1.87,87,NULL,NULL,NULL,NULL,'48895041_LucaFranco.jpg',1),(48895042,'Facundo Noguera','2006-07-16','DIR 48895042','PLAYER','RIGHT',26,1.88,88,NULL,NULL,NULL,NULL,'48895042_FacundoNoguera.jpg',1),(48895043,'Federico Losas','2002-03-28','DIR 48895043','PLAYER','RIGHT',27,1.84,84,NULL,NULL,NULL,NULL,'48895043_FedericoLosas.jpg',1),(48895044,'Andrés Desábato','1990-03-30','DIR 48895044','PLAYER','RIGHT',1,1.85,85,NULL,NULL,NULL,NULL,'48895044_AndresDesabato.jpg',1),(48895045,'Ignacio Vázquez','1997-06-15','DIR 48895045','PLAYER','RIGHT',13,1.84,84,NULL,NULL,NULL,NULL,'48895045_IgnacioVazquez.jpg',1),(48895046,'Oscar Salomón','1999-03-22','DIR 48895046','PLAYER','RIGHT',6,1.81,81,NULL,NULL,NULL,NULL,'48895046_OscarSalomon.jpg',1),(48895047,'Gonzalo Goñi','1998-08-16','DIR 48895047','PLAYER','RIGHT',42,1.84,84,NULL,NULL,NULL,NULL,'48895047_GonzaloGoni.jpg',1),(48895048,'Edgar Elizalde','2000-02-27','DIR 48895048','PLAYER','LEFT',4,1.82,82,NULL,NULL,NULL,NULL,'48895048_EdgarElizalde.jpg',1),(48895049,'Tomás Silva','2003-03-08','DIR 48895049','PLAYER','LEFT',3,1.75,75,NULL,NULL,NULL,NULL,'48895049_TomasSilva.jpg',1),(48895050,'Jonathan Bay','1993-02-01','DIR 48895050','PLAYER','LEFT',12,1.79,79,NULL,NULL,NULL,NULL,'48895050_JonathanBay.jpg',1),(48895051,'Juan Ignacio Saborido','1998-04-25','DIR 48895051','PLAYER','RIGHT',25,1.8,80,NULL,NULL,NULL,NULL,'48895051_JuanIgnacioSaborido.jpg',1),(48895052,'Raúl Lozano','1997-09-02','DIR 48895052','PLAYER','RIGHT',22,1.79,79,NULL,NULL,NULL,NULL,'48895052_RaulLozano.jpg',1),(48895053,'Bautista Barros Schelotto','2000-01-13','DIR 48895053','PLAYER','RIGHT',24,1.81,81,NULL,NULL,NULL,NULL,'48895053_BautistaBarrosSchelotto.jpg',1),(48895054,'Leonel Picco','1998-10-22','DIR 48895054','PLAYER','RIGHT',14,1.92,92,NULL,NULL,NULL,NULL,'48895054_LeonelPicco.jpg',1),(48895055,'Rodrigo Herrera','2000-08-02','DIR 48895055','PLAYER','RIGHT',5,1.79,79,NULL,NULL,NULL,NULL,'48895055_RodrigoHerrera.jpg',1),(48895056,'Felipe Bussio','2004-06-16','DIR 48895056','PLAYER','RIGHT',17,1.78,78,NULL,NULL,NULL,NULL,'48895056_FelipeBussio.jpg',1),(48895057,'Marcos Portillo','2000-01-31','DIR 48895057','PLAYER','RIGHT',8,1.78,78,NULL,NULL,NULL,NULL,'48895057_MarcosPortillo.jpg',1),(48895058,'Enzo Roldán','2000-12-08','DIR 48895058','PLAYER','RIGHT',23,1.76,76,NULL,NULL,NULL,NULL,'48895058_EnzoRoldan.jpg',1),(48895059,'Franco Baldassarra','1998-09-29','DIR 48895059','PLAYER','RIGHT',32,1.8,80,NULL,NULL,NULL,NULL,'48895059_FrancoBaldassarra.jpg',1),(48895060,'Franco Zapiola','2001-02-19','DIR 48895060','PLAYER','RIGHT',11,1.76,76,NULL,NULL,NULL,NULL,'48895060_FrancoZapiola.jpg',1),(48895061,'Mauro Luna Diale','1999-04-26','DIR 48895061','PLAYER','RIGHT',16,1.73,73,NULL,NULL,NULL,NULL,'48895061_MauroLunaDiale.jpg',1),(48895062,'Santiago Toloza','2002-10-28','DIR 48895062','PLAYER','RIGHT',19,1.7,70,NULL,NULL,NULL,NULL,'48895062_SantiagoToloza.jpg',1),(48895063,'Franco Minerva','2006-01-31','DIR 48895063','PLAYER','LEFT',29,1.77,77,NULL,NULL,NULL,NULL,'48895063_FrancoMinerva.jpg',1),(48895064,'Rodrigo Márquez','2002-02-15','DIR 48895064','PLAYER','LEFT',20,1.77,77,NULL,NULL,NULL,NULL,'48895064_RodrigoMarquez.jpg',1),(48895065,'Guido Mainero','1995-03-23','DIR 48895065','PLAYER','RIGHT',7,1.79,79,NULL,NULL,NULL,NULL,'48895065_GuidoMainero.jpg',1),(48895066,'Ignacio Schor','2000-08-04','DIR 48895066','PLAYER','RIGHT',26,1.83,83,NULL,NULL,NULL,NULL,'48895066_IgnacioSchor.jpg',1),(48895067,'Benjamín Bosch','2005-06-15','DIR 48895067','PLAYER','LEFT',47,1.73,73,NULL,NULL,NULL,NULL,'48895067_BenjaminBosch.jpg',1),(48895068,'Ronaldo Martínez','1996-04-25','DIR 48895068','PLAYER','RIGHT',77,1.78,78,NULL,NULL,NULL,NULL,'48895068_RonaldoMartinez.jpg',1),(48895069,'Augusto Lotti','1996-06-10','DIR 48895069','PLAYER','RIGHT',21,1.8,80,NULL,NULL,NULL,NULL,'48895069_AugustoLotti.jpg',1),(48895070,'Nicolás Orsini','1994-09-12','DIR 48895070','PLAYER','RIGHT',36,1.87,87,NULL,NULL,NULL,NULL,'48895070_NicolasOrsini.jpg',1),(48895071,'Maximiliano Rodríguez','2000-05-31','DIR 48895071','PLAYER','RIGHT',9,1.85,85,NULL,NULL,NULL,NULL,'48895071_MaximilianoRodriguez.jpg',1),(48895072,'Manuel Roffo','2000-04-04','DIR 48895072','PLAYER','RIGHT',28,1.84,84,NULL,NULL,NULL,NULL,'48895072_ManuelRoffo.jpg',1),(48895073,'Joaquín Papaleo','1994-03-23','DIR 48895073','PLAYER','RIGHT',38,1.88,88,NULL,NULL,NULL,NULL,'48895073_JoaquinPapaleo.jpg',1),(48895074,'Emanuel Sittaro','1999-10-15','DIR 48895074','PLAYER','RIGHT',35,1.85,85,NULL,NULL,NULL,NULL,'48895074_EmanuelSittaro.jpg',1),(48895075,'Gonzalo Requena','2003-03-04','DIR 48895075','PLAYER','RIGHT',31,1.85,85,NULL,NULL,NULL,NULL,'48895075_GonzaloRequena.jpg',1),(48895076,'Fernando Alarcón','1994-06-16','DIR 48895076','PLAYER','RIGHT',6,1.83,83,NULL,NULL,NULL,NULL,'48895076_FernandoAlarcon.jpg',1),(48895077,'Nicolás Zalazar','1997-01-29','DIR 48895077','PLAYER','RIGHT',5,1.85,85,NULL,NULL,NULL,NULL,'48895077_NicolasZalazar.jpg',1),(48895078,'Leonel Mosevich','1997-02-04','DIR 48895078','PLAYER','RIGHT',26,1.85,85,NULL,NULL,NULL,NULL,'48895078_LeonelMosevich.jpg',1),(48895079,'Agustín Bravo','2001-05-11','DIR 48895079','PLAYER','LEFT',32,1.85,85,NULL,NULL,NULL,NULL,'48895079_AgustinBravo.jpg',1),(48895080,'Lucas Rodríguez','1993-09-27','DIR 48895080','PLAYER','LEFT',18,1.68,68,NULL,NULL,NULL,NULL,'48895080_LucasRodriguez.jpg',1),(48895081,'Elías Pereyra','1999-02-15','DIR 48895081','PLAYER','LEFT',21,1.75,75,NULL,NULL,NULL,NULL,'48895081_EliasPereyra.jpg',1),(48895082,'Emanuel Beltrán','1998-01-23','DIR 48895082','PLAYER','RIGHT',17,1.81,81,NULL,NULL,NULL,NULL,'48895082_EmanuelBeltran.jpg',1),(48895083,'Juan Franco','1992-02-10','DIR 48895083','PLAYER','RIGHT',2,1.76,76,NULL,NULL,NULL,NULL,'48895083_JuanFranco.jpg',1),(48895084,'Juan Ignacio Méndez','1997-04-28','DIR 48895084','PLAYER','RIGHT',13,1.78,78,NULL,NULL,NULL,NULL,'48895084_JuanIgnacioMendez.jpg',1),(48895085,'Francis Mac Allister','1995-10-30','DIR 48895085','PLAYER','RIGHT',14,1.76,76,NULL,NULL,NULL,NULL,'48895085_FrancisMacAllister.jpg',1),(48895086,'Stefano Moreyra','2001-09-19','DIR 48895086','PLAYER','RIGHT',34,1.79,79,NULL,NULL,NULL,NULL,'48895086_StefanoMoreyra.jpg',1),(48895087,'Gastón Lodico','1998-05-28','DIR 48895087','PLAYER','RIGHT',19,1.73,73,NULL,NULL,NULL,NULL,'48895087_GastonLodico.jpg',1),(48895088,'Franco Díaz','2000-08-28','DIR 48895088','PLAYER','RIGHT',30,1.81,81,NULL,NULL,NULL,NULL,'48895088_FrancoDiaz.jpg',1),(48895089,'Alex Luna','2004-03-31','DIR 48895089','PLAYER','RIGHT',10,1.74,74,NULL,NULL,NULL,NULL,'48895089_AlexLuna.jpg',1),(48895090,'Damián Puebla','2002-09-15','DIR 48895090','PLAYER','RIGHT',22,1.7,70,NULL,NULL,NULL,NULL,'48895090_DamianPuebla.jpg',1),(48895091,'Jeremías Lázaro','2004-06-28','DIR 48895091','PLAYER','RIGHT',16,1.75,75,NULL,NULL,NULL,NULL,'48895091_JeremiasLazaro.jpg',1),(48895092,'Matías Gallardo','2003-11-23','DIR 48895092','PLAYER','LEFT',15,1.75,75,NULL,NULL,NULL,NULL,'48895092_MatiasGallardo.jpg',1),(48895093,'Jonás Acevedo','1997-02-06','DIR 48895093','PLAYER','LEFT',8,1.72,72,NULL,NULL,NULL,NULL,'48895093_JonasAcevedo.jpg',1),(48895094,'Lorenzo Albarracín','2007-02-17','DIR 48895094','PLAYER','LEFT',25,1.7,70,NULL,NULL,NULL,NULL,'48895094_LorenzoAlbarracin.jpg',1),(48895095,'Jhon Córdoba','2000-07-15','DIR 48895095','PLAYER','RIGHT',20,1.84,84,NULL,NULL,NULL,NULL,'48895095_JhonCordoba.jpg',1),(48895096,'Manuel Romero','2001-05-05','DIR 48895096','PLAYER','RIGHT',24,1.79,79,NULL,NULL,NULL,NULL,'48895096_ManuelRomero.jpg',1),(48895097,'Facundo Suárez','1994-07-01','DIR 48895097','PLAYER','RIGHT',9,1.83,83,NULL,NULL,NULL,NULL,'48895097_FacundoSuarez.jpg',1),(48895098,'Luca Klimowicz','2004-05-19','DIR 48895098','PLAYER','AMBIDEXTROUS',77,1.81,81,NULL,NULL,NULL,NULL,'48895098_LucaKlimowicz.jpg',1),(48895099,'Nicolás Cordero','1999-04-11','DIR 48895099','PLAYER','RIGHT',7,1.85,85,NULL,NULL,NULL,NULL,'48895099_NicolasCordero.jpg',1),(48895100,'Matías Fonseca','2001-03-12','DIR 48895100','PLAYER','RIGHT',11,1.81,81,NULL,NULL,NULL,NULL,'48895100_MatiasFonseca.jpg',1),(48895101,'Tomás Durso','1999-02-26','DIR 48895101','PLAYER','RIGHT',15,1.85,85,NULL,NULL,NULL,NULL,'48895101_TomasDurso.jpg',1),(48895102,'Matías Tagliamonte','1998-02-19','DIR 48895102','PLAYER','LEFT',1,1.93,93,NULL,NULL,NULL,NULL,'48895102_MatiasTagliamonte.jpg',1),(48895103,'Fede Gomes','2004-03-05','DIR 48895103','PLAYER','RIGHT',75,1.95,95,NULL,NULL,NULL,NULL,'48895103_FedeGomes.jpg',1),(48895104,'Lucas Meuli','2001-06-30','DIR 48895104','PLAYER','LEFT',40,1.85,85,NULL,NULL,NULL,NULL,'48895104_LucasMeuli.jpg',1),(48895105,'Valentín Fascendini','2003-03-13','DIR 48895105','PLAYER','LEFT',13,1.84,84,NULL,NULL,NULL,NULL,'48895105_ValentinFascendini.jpg',1),(48895106,'Nicolás Paz','2002-10-16','DIR 48895106','PLAYER','RIGHT',32,1.8,80,NULL,NULL,NULL,NULL,'48895106_NicolasPaz.jpg',1),(48895107,'Maizon Rodríguez','2003-05-22','DIR 48895107','PLAYER','RIGHT',2,1.85,85,NULL,NULL,NULL,NULL,'48895107_MaizonRodriguez.jpg',1),(48895108,'Fernando Díaz','2001-02-28','DIR 48895108','PLAYER','LEFT',14,1.8,80,NULL,NULL,NULL,NULL,'48895108_FernandoDiaz.jpg',1),(48895109,'Franco Godoy','2000-06-28','DIR 48895109','PLAYER','LEFT',75,1.85,85,NULL,NULL,NULL,NULL,'48895109_FrancoGodoy.jpg',1),(48895110,'Juan Pablo Ludueña','2003-02-11','DIR 48895110','PLAYER','RIGHT',26,1.85,85,NULL,NULL,NULL,NULL,'48895110_JuanPabloLuduena.jpg',1),(48895111,'Mateo Del Blanco','2003-10-31','DIR 48895111','PLAYER','LEFT',11,1.7,70,NULL,NULL,NULL,NULL,'48895111_MateoDelBlanco.jpg',1),(48895112,'Bruno Pittón','1993-02-01','DIR 48895112','PLAYER','LEFT',75,1.79,79,NULL,NULL,NULL,NULL,'48895112_BrunoPitton.jpg',1),(48895113,'Claudio Corvalán','1989-03-23','DIR 48895113','PLAYER','LEFT',3,1.79,79,NULL,NULL,NULL,NULL,'48895113_ClaudioCorvalan.jpg',1),(48895114,'Lautaro Vargas','2005-02-01','DIR 48895114','PLAYER','RIGHT',35,1.73,73,NULL,NULL,NULL,NULL,'48895114_LautaroVargas.jpg',1),(48895115,'Emiliano Álvarez','2001-02-06','DIR 48895115','PLAYER','RIGHT',4,1.75,75,NULL,NULL,NULL,NULL,'48895115_EmilianoAlvarez.jpg',1),(48895116,'Francisco Gerometta','1999-09-01','DIR 48895116','PLAYER','RIGHT',22,1.75,75,NULL,NULL,NULL,NULL,'48895116_FranciscoGerometta.jpg',1),(48895117,'Mauro Pittón','1994-08-08','DIR 48895117','PLAYER','RIGHT',30,1.81,81,NULL,NULL,NULL,NULL,'48895117_MauroPitton.jpg',1),(48895118,'Rafael Profini','2003-09-09','DIR 48895118','PLAYER','LEFT',24,1.84,84,NULL,NULL,NULL,NULL,'48895118_RafaelProfini.jpg',1),(48895119,'Mauricio Martínez','1993-02-20','DIR 48895119','PLAYER','RIGHT',16,1.86,86,NULL,NULL,NULL,NULL,'48895119_MauricioMartinez.jpg',1),(48895120,'Ezequiel Cañete','1999-06-17','DIR 48895120','PLAYER','LEFT',8,1.75,75,NULL,NULL,NULL,NULL,'48895120_EzequielCanete.jpg',1),(48895121,'Emilio Giaccone','2005-01-14','DIR 48895121','PLAYER','RIGHT',43,1.89,89,NULL,NULL,NULL,NULL,'48895121_EmilioGiaccone.jpg',1),(48895122,'Augusto Solari','1992-01-03','DIR 48895122','PLAYER','RIGHT',23,1.78,78,NULL,NULL,NULL,NULL,'48895122_AugustoSolari.jpg',1),(48895123,'Julián Palacios','1999-02-04','DIR 48895123','PLAYER','RIGHT',20,1.69,69,NULL,NULL,NULL,NULL,'48895123_JulianPalacios.jpg',1),(48895124,'Nicolás Palavecino','2003-03-29','DIR 48895124','PLAYER','RIGHT',17,1.86,86,NULL,NULL,NULL,NULL,'48895124_NicolasPalavecino.jpg',1),(48895125,'Franco Fragapane','1993-02-06','DIR 48895125','PLAYER','RIGHT',7,1.67,67,NULL,NULL,NULL,NULL,'48895125_FrancoFragapane.jpg',1),(48895126,'Jerónimo Dómina','2005-10-17','DIR 48895126','PLAYER','RIGHT',9,1.74,74,NULL,NULL,NULL,NULL,'48895126_JeronimoDomina.jpg',1),(48895127,'Marcelo Estigarribia','1995-04-10','DIR 48895127','PLAYER','RIGHT',19,1.84,84,NULL,NULL,NULL,NULL,'48895127_MarceloEstigarribia.jpg',1),(48895128,'Agustín Colazo','2000-11-15','DIR 48895128','PLAYER','RIGHT',21,1.86,86,NULL,NULL,NULL,NULL,'48895128_AgustinColazo.jpg',1),(48895129,'Cristian Tarragona','1991-04-09','DIR 48895129','PLAYER','RIGHT',25,1.76,76,NULL,NULL,NULL,NULL,'48895129_CristianTarragona.jpg',1),(48895130,'Diego Díaz','2002-01-10','DIR 48895130','PLAYER','AMBIDEXTROUS',29,1.8,80,NULL,NULL,NULL,NULL,'48895130_DiegoDiaz.jpg',1),(48895131,'Lucas Gamba','1987-06-24','DIR 48895131','PLAYER','RIGHT',18,1.65,65,NULL,NULL,NULL,NULL,'48895131_LucasGamba.jpg',1),(48895132,'Ezequiel Centurión','1997-05-20','DIR 48895132','PLAYER','RIGHT',1,1.84,84,NULL,NULL,NULL,NULL,'48895132_EzequielCenturion.jpg',1),(48895133,'Gonzalo Marinelli','1989-02-07','DIR 48895133','PLAYER','RIGHT',23,1.79,79,NULL,NULL,NULL,NULL,'48895133_GonzaloMarinelli.jpg',1),(48895134,'Agustín Lastra','2001-01-02','DIR 48895134','PLAYER','RIGHT',12,1.93,93,NULL,NULL,NULL,NULL,'48895134_AgustinLastra.jpg',1),(48895135,'Sheyko Studer','2002-11-12','DIR 48895135','PLAYER','RIGHT',42,1.92,92,NULL,NULL,NULL,NULL,'48895135_SheykoStuder.jpg',1),(48895136,'Leonard Costa','1998-08-24','DIR 48895136','PLAYER','RIGHT',2,1.85,85,NULL,NULL,NULL,NULL,'48895136_LeonardCosta.jpg',1),(48895137,'Iván Villalba','1995-01-19','DIR 48895137','PLAYER','RIGHT',40,1.82,82,NULL,NULL,NULL,NULL,'48895137_IvanVillalba.jpg',1),(48895138,'Matías Valenti','2002-09-03','DIR 48895138','PLAYER','LEFT',31,1.84,84,NULL,NULL,NULL,NULL,'48895138_MatiasValenti.jpg',1),(48895139,'Santiago Flores','2001-03-25','DIR 48895139','PLAYER','RIGHT',6,1.83,83,NULL,NULL,NULL,NULL,'48895139_SantiagoFlores.jpg',1),(48895140,'Alejo Osella','2000-09-30','DIR 48895140','PLAYER','AMBIDEXTROUS',13,1.9,90,NULL,NULL,NULL,NULL,'48895140_AlejoOsella.jpg',1),(48895141,'Pedro Souto','2000-05-05','DIR 48895141','PLAYER','LEFT',27,1.78,78,NULL,NULL,NULL,NULL,'48895141_PedroSouto.jpg',1),(48895142,'Thomas Ortega','2000-12-06','DIR 48895142','PLAYER','LEFT',24,1.85,85,NULL,NULL,NULL,NULL,'48895142_ThomasOrtega.jpg',1),(48895143,'Luciano Gómez','1996-03-22','DIR 48895143','PLAYER','RIGHT',14,1.64,64,NULL,NULL,NULL,NULL,'48895143_LucianoGomez.jpg',1),(48895144,'Mauro Peinipil','1999-04-03','DIR 48895144','PLAYER','RIGHT',4,1.79,79,NULL,NULL,NULL,NULL,'48895144_MauroPeinipil.jpg',1),(48895145,'Ezequiel Bonifacio','1994-05-09','DIR 48895145','PLAYER','RIGHT',36,1.68,68,NULL,NULL,NULL,NULL,'48895145_EzequielBonifacio.jpg',1),(48895146,'Luciano Abecasis','1990-06-04','DIR 48895146','PLAYER','RIGHT',29,1.75,75,NULL,NULL,NULL,NULL,'48895146_LucianoAbecasis.jpg',1),(48895147,'Maximiliano Amarfil','2001-11-03','DIR 48895147','PLAYER','RIGHT',25,1.74,74,NULL,NULL,NULL,NULL,'48895147_MaximilianoAmarfil.jpg',1),(48895148,'Leonel Bucca','1999-03-20','DIR 48895148','PLAYER','LEFT',8,1.9,90,NULL,NULL,NULL,NULL,'48895148_LeonelBucca.jpg',1),(48895149,'Laureano Rodríguez','2002-11-23','DIR 48895149','PLAYER','RIGHT',16,1.83,83,NULL,NULL,NULL,NULL,'48895149_LaureanoRodriguez.jpg',1),(48895150,'Tomás Bottari','2001-04-26','DIR 48895150','PLAYER','RIGHT',5,1.73,73,NULL,NULL,NULL,NULL,'48895150_TomasBottari.jpg',1),(48895151,'Mauricio Cardillo','2003-03-11','DIR 48895151','PLAYER','RIGHT',21,1.8,80,NULL,NULL,NULL,NULL,'48895151_MauricioCardillo.jpg',1),(48895152,'Tomás Muro','2002-05-05','DIR 48895152','PLAYER','RIGHT',10,1.8,80,NULL,NULL,NULL,NULL,'48895152_TomasMuro.jpg',1),(48895153,'Diego Tonetto','1988-12-05','DIR 48895153','PLAYER','LEFT',11,1.81,81,NULL,NULL,NULL,NULL,'48895153_DiegoTonetto.jpg',1),(48895154,'Matías Fernández','2001-06-23','DIR 48895154','PLAYER','RIGHT',26,1.73,73,NULL,NULL,NULL,NULL,'48895154_MatiasFernandez.jpg',1),(48895155,'Alex Aguado','2003-05-27','DIR 48895155','PLAYER','AMBIDEXTROUS',75,1.8,80,NULL,NULL,NULL,NULL,'48895155_AlexAguado.jpg',1),(48895156,'Mateo Schwartz','2004-06-25','DIR 48895156','PLAYER','AMBIDEXTROUS',19,1.72,72,NULL,NULL,NULL,NULL,'48895156_MateoSchwartz.jpg',1),(48895157,'Sebastián Villa','1996-05-19','DIR 48895157','PLAYER','RIGHT',22,1.79,79,NULL,NULL,NULL,NULL,'48895157_SebastianVilla.jpg',1),(48895158,'Santiago Muñoz','1999-08-06','DIR 48895158','PLAYER','RIGHT',18,1.73,73,NULL,NULL,NULL,NULL,'48895158_SantiagoMunoz.jpg',1),(48895159,'Nicolás Retamar','1999-02-06','DIR 48895159','PLAYER','RIGHT',34,1.75,75,NULL,NULL,NULL,NULL,'48895159_NicolasRetamar.jpg',1),(48895160,'Matías Bergara','2004-01-14','DIR 48895160','PLAYER','LEFT',44,1.75,75,NULL,NULL,NULL,NULL,'48895160_MatiasBergara.jpg',1),(48895161,'Fabrizio Sartori','2002-07-15','DIR 48895161','PLAYER','RIGHT',43,1.78,78,NULL,NULL,NULL,NULL,'48895161_FabrizioSartori.jpg',1),(48895162,'Álex Arce','1995-06-16','DIR 48895162','PLAYER','RIGHT',9,1.87,87,NULL,NULL,NULL,NULL,'48895162_AlexArce.jpg',1),(48895163,'Juan Barbieri','1996-09-17','DIR 48895163','PLAYER','RIGHT',20,1.76,76,NULL,NULL,NULL,NULL,'48895163_JuanBarbieri.jpg',1),(48895164,'Victorio Ramis','1994-07-07','DIR 48895164','PLAYER','RIGHT',7,1.81,81,NULL,NULL,NULL,NULL,'48895164_VictorioRamis.jpg',1),(48895165,'Marcos Ledesma','1996-09-15','DIR 48895165','PLAYER','RIGHT',28,1.9,90,NULL,NULL,NULL,NULL,'48895165_MarcosLedesma.jpg',1),(48895166,'Marcelo Miño','1997-08-21','DIR 48895166','PLAYER','RIGHT',30,1.86,86,NULL,NULL,NULL,NULL,'48895166_MarceloMino.jpg',1),(48895167,'Juan Pablo Insúa','2005-01-04','DIR 48895167','PLAYER','RIGHT',38,1.88,88,NULL,NULL,NULL,NULL,'48895167_JuanPabloInsua.jpg',1),(48895168,'Kevin Jappert','2004-02-25','DIR 48895168','PLAYER','RIGHT',14,1.89,89,NULL,NULL,NULL,NULL,'48895168_KevinJappert.jpg',1),(48895169,'Nicolás Demartini','1999-11-04','DIR 48895169','PLAYER','LEFT',31,1.79,79,NULL,NULL,NULL,NULL,'48895169_NicolasDemartini.jpg',1),(48895170,'Nicolás Capraro','1998-03-03','DIR 48895170','PLAYER','RIGHT',2,1.84,84,NULL,NULL,NULL,NULL,'48895170_NicolasCapraro.jpg',1),(48895171,'Yonatthan Rak','1993-08-18','DIR 48895171','PLAYER','RIGHT',15,1.88,88,NULL,NULL,NULL,NULL,'48895171_YonatthanRak.jpg',1),(48895172,'Fernando Tobio','1989-10-18','DIR 48895172','PLAYER','RIGHT',32,1.86,86,NULL,NULL,NULL,NULL,'48895172_FernandoTobio.jpg',1),(48895173,'Rodrigo Insúa','1997-12-16','DIR 48895173','PLAYER','LEFT',6,1.81,81,NULL,NULL,NULL,NULL,'48895173_RodrigoInsua.jpg',1),(48895174,'Rafael Barrios','1993-05-23','DIR 48895174','PLAYER','RIGHT',13,1.78,78,NULL,NULL,NULL,NULL,'48895174_RafaelBarrios.jpg',1),(48895175,'Siro Rosané','2000-06-07','DIR 48895175','PLAYER','RIGHT',8,1.79,79,NULL,NULL,NULL,NULL,'48895175_SiroRosane.jpg',1),(48895176,'Dylan Glaby','1996-04-07','DIR 48895176','PLAYER','RIGHT',4,1.78,78,NULL,NULL,NULL,NULL,'48895176_DylanGlaby.jpg',1),(48895177,'Dardo Miloc','1990-10-16','DIR 48895177','PLAYER','RIGHT',5,1.77,77,NULL,NULL,NULL,NULL,'48895177_DardoMiloc.jpg',1),(48895178,'Maximiliano Puig','2000-09-18','DIR 48895178','PLAYER','RIGHT',79,1.79,79,NULL,NULL,NULL,NULL,'48895178_MaximilianoPuig.jpg',1),(48895179,'Iván Guaraz','2005-03-11','DIR 48895179','PLAYER','RIGHT',16,1.76,76,NULL,NULL,NULL,NULL,'48895179_IvanGuaraz.jpg',1),(48895180,'Facundo Mater','1998-07-23','DIR 48895180','PLAYER','RIGHT',33,1.66,66,NULL,NULL,NULL,NULL,'48895180_FacundoMater.jpg',1),(48895181,'Lucas López','1998-04-28','DIR 48895181','PLAYER','LEFT',75,1.79,79,NULL,NULL,NULL,NULL,'48895181_LucasLopez.jpg',1),(48895182,'Javier Ruiz','2004-09-24','DIR 48895182','PLAYER','RIGHT',11,1.73,73,NULL,NULL,NULL,NULL,'48895182_JavierRuiz.jpg',1),(48895183,'Iván Tapia','1998-11-23','DIR 48895183','PLAYER','RIGHT',23,1.76,76,NULL,NULL,NULL,NULL,'48895183_IvanTapia.jpg',1),(48895184,'Manuel Duarte','2001-08-23','DIR 48895184','PLAYER','RIGHT',24,1.71,71,NULL,NULL,NULL,NULL,'48895184_ManuelDuarte.jpg',1),(48895185,'Tomás Porra','2004-01-09','DIR 48895185','PLAYER','LEFT',19,1.73,73,NULL,NULL,NULL,NULL,'48895185_TomasPorra.jpg',1),(48895186,'Ignacio Tapia','2004-09-01','DIR 48895186','PLAYER','AMBIDEXTROUS',21,1.68,68,NULL,NULL,NULL,NULL,'48895186_IgnacioTapia.jpg',1),(48895187,'Tomás Lavezzi','2005-05-10','DIR 48895187','PLAYER','AMBIDEXTROUS',36,1.67,67,NULL,NULL,NULL,NULL,'48895187_TomasLavezzi.jpg',1),(48895188,'Nahuel Barrios','1998-05-07','DIR 48895188','PLAYER','RIGHT',10,1.56,56,NULL,NULL,NULL,NULL,'48895188_NahuelBarrios.jpg',1),(48895189,'Facundo Bruera','1998-09-23','DIR 48895189','PLAYER','RIGHT',7,1.94,94,NULL,NULL,NULL,NULL,'48895189_FacundoBruera.jpg',1),(48895190,'Gonzalo Morales','2003-03-04','DIR 48895190','PLAYER','LEFT',9,1.78,78,NULL,NULL,NULL,NULL,'48895190_GonzaloMorales.jpg',1),(48895191,'Jhonatan Candia','1995-03-15','DIR 48895191','PLAYER','RIGHT',20,1.77,77,NULL,NULL,NULL,NULL,'48895191_JhonatanCandia.jpg',1),(48895192,'Facundo Krüger','2000-06-05','DIR 48895192','PLAYER','RIGHT',18,1.84,84,NULL,NULL,NULL,NULL,'48895192_FacundoKruger.jpg',1),(48895193,'Nicolás Blandi','1990-01-13','DIR 48895193','PLAYER','RIGHT',17,1.8,80,NULL,NULL,NULL,NULL,'48895193_NicolasBlandi.jpg',1),(48895194,'Thiago Perugini','2005-01-10','DIR 48895194','PLAYER','LEFT',35,1.76,76,NULL,NULL,NULL,NULL,'48895194_ThiagoPerugini.jpg',1),(48895195,'Juan Espínola','1994-11-02','DIR 48895195','PLAYER','RIGHT',12,1.85,85,NULL,NULL,NULL,NULL,'48895195_JuanEspinola.jpg',1),(48895196,'Lucas Hoyos','1989-04-29','DIR 48895196','PLAYER','RIGHT',33,1.83,83,NULL,NULL,NULL,NULL,'48895196_LucasHoyos.jpg',1),(48895197,'Williams Barlasina','1998-06-29','DIR 48895197','PLAYER','RIGHT',30,1.95,95,NULL,NULL,NULL,NULL,'48895197_WilliamsBarlasina.jpg',1),(48895198,'Luca Sosa','1994-06-11','DIR 48895198','PLAYER','LEFT',3,1.85,85,NULL,NULL,NULL,NULL,'48895198_LucaSosa.jpg',1),(48895199,'Saúl Salcedo','1997-08-29','DIR 48895199','PLAYER','RIGHT',97,1.83,83,NULL,NULL,NULL,NULL,'48895199_SaulSalcedo.jpg',1),(48895200,'Fabián Noguera','1993-03-20','DIR 48895200','PLAYER','RIGHT',29,1.92,92,NULL,NULL,NULL,NULL,'48895200_FabianNoguera.jpg',1),(48895201,'Victor Cuesta','1988-11-19','DIR 48895201','PLAYER','LEFT',15,1.87,87,NULL,NULL,NULL,NULL,'48895201_VictorCuesta.jpg',1),(48895202,'Luciano Lollo','1987-03-29','DIR 48895202','PLAYER','RIGHT',37,1.83,83,NULL,NULL,NULL,NULL,'48895202_LucianoLollo.jpg',1),(48895203,'Alejo Tabares','2001-06-20','DIR 48895203','PLAYER','LEFT',25,1.79,79,NULL,NULL,NULL,NULL,'48895203_AlejoTabares.jpg',1),(48895204,'Martín Luciano','2003-08-12','DIR 48895204','PLAYER','LEFT',26,1.7,70,NULL,NULL,NULL,NULL,'48895204_MartinLuciano.jpg',1),(48895205,'Brian Calderara','1998-01-10','DIR 48895205','PLAYER','LEFT',16,1.73,73,NULL,NULL,NULL,NULL,'48895205_BrianCalderara.jpg',1),(48895206,'Alejo Montero','1998-05-05','DIR 48895206','PLAYER','RIGHT',4,1.78,78,NULL,NULL,NULL,NULL,'48895206_AlejoMontero.jpg',1),(48895207,'Jherson Mosquera','1999-09-18','DIR 48895207','PLAYER','RIGHT',6,1.73,73,NULL,NULL,NULL,NULL,'48895207_JhersonMosquera.jpg',1),(48895208,'Luca Regiardo','2006-10-23','DIR 48895208','PLAYER','RIGHT',27,1.75,75,NULL,NULL,NULL,NULL,'48895208_LucaRegiardo.jpg',1),(48895209,'Martín Fernández','2001-05-08','DIR 48895209','PLAYER','RIGHT',14,1.83,83,NULL,NULL,NULL,NULL,'48895209_MartinFernandez.jpg',1),(48895210,'Valentino Acuña','2006-01-27','DIR 48895210','PLAYER','LEFT',17,1.77,77,NULL,NULL,NULL,NULL,'48895210_ValentinoAcuna.jpg',1),(48895211,'Éver Banega','1988-06-29','DIR 48895211','PLAYER','RIGHT',5,1.74,74,NULL,NULL,NULL,NULL,'48895211_EverBanega.jpg',1),(48895212,'David Sotelo','2003-07-30','DIR 48895212','PLAYER','RIGHT',34,1.73,73,NULL,NULL,NULL,NULL,'48895212_DavidSotelo.jpg',1),(48895213,'Lisandro Montenegro','2003-03-27','DIR 48895213','PLAYER','AMBIDEXTROUS',43,1.77,77,NULL,NULL,NULL,NULL,'48895213_LisandroMontenegro.jpg',1),(48895214,'Gaspar Iñíguez','1994-03-26','DIR 48895214','PLAYER','LEFT',28,1.72,72,NULL,NULL,NULL,NULL,'48895214_GasparIniguez.jpg',1),(48895215,'Gonzalo Maroni','1999-03-18','DIR 48895215','PLAYER','RIGHT',20,1.7,70,NULL,NULL,NULL,NULL,'48895215_GonzaloMaroni.jpg',1),(48895216,'Jerónimo Gómez Mattar','2008-08-07','DIR 48895216','PLAYER','RIGHT',19,1.8,80,NULL,NULL,NULL,NULL,'48895216_JeronimoGomezMattar.jpg',1),(48895217,'Pablo Altamirano','2005-01-30','DIR 48895217','PLAYER','LEFT',48,1.75,75,NULL,NULL,NULL,NULL,'48895217_PabloAltamirano.jpg',1),(48895218,'Josué Colmán','1998-07-25','DIR 48895218','PLAYER','RIGHT',24,1.7,70,NULL,NULL,NULL,NULL,'48895218_JosueColman.jpg',1),(48895219,'Franco Orozco','2002-01-09','DIR 48895219','PLAYER','RIGHT',7,1.68,68,NULL,NULL,NULL,NULL,'48895219_FrancoOrozco.jpg',1),(48895220,'Luciano Herrera','1996-05-31','DIR 48895220','PLAYER','LEFT',21,1.79,79,NULL,NULL,NULL,NULL,'48895220_LucianoHerrera.jpg',1),(48895221,'Giovani Chiaverano','2005-05-21','DIR 48895221','PLAYER','RIGHT',38,1.73,73,NULL,NULL,NULL,NULL,'48895221_GiovaniChiaverano.jpg',1),(48895222,'Facundo Guch','2007-01-20','DIR 48895222','PLAYER','LEFT',13,1.69,69,NULL,NULL,NULL,NULL,'48895222_FacundoGuch.jpg',1),(48895223,'Carlos González','1993-02-04','DIR 48895223','PLAYER','RIGHT',32,1.83,83,NULL,NULL,NULL,NULL,'48895223_CarlosGonzalez.jpg',1),(48895224,'Juan Manuel García','1992-11-14','DIR 48895224','PLAYER','RIGHT',9,1.83,83,NULL,NULL,NULL,NULL,'48895224_JuanManuelGarcia.jpg',1),(48895225,'Genaro Rossi','2002-02-07','DIR 48895225','PLAYER','RIGHT',36,1.85,85,NULL,NULL,NULL,NULL,'48895225_GenaroRossi.jpg',1),(48895226,'Thiago Gigena','2005-09-30','DIR 48895226','PLAYER','RIGHT',16,1.9,90,NULL,NULL,NULL,NULL,'48895226_ThiagoGigena.jpg',1),(48895227,'Alan Aguerre','1990-08-23','DIR 48895227','PLAYER','RIGHT',1,1.84,84,NULL,NULL,NULL,NULL,'48895227_AlanAguerre.jpg',1),(48895228,'Juan Pablo Zozaya','2001-08-13','DIR 48895228','PLAYER','RIGHT',22,1.87,87,NULL,NULL,NULL,NULL,'48895228_JuanPabloZozaya.jpg',1),(48895229,'Javier Vallejos','2003-01-03','DIR 48895229','PLAYER','RIGHT',13,1.88,88,NULL,NULL,NULL,NULL,'48895229_JavierVallejos.jpg',1),(48895230,'Lautaro Bursich','2002-09-25','DIR 48895230','PLAYER','RIGHT',23,1.95,95,NULL,NULL,NULL,NULL,'48895230_LautaroBursich.jpg',1),(48895231,'Lucas Abascia','1995-12-10','DIR 48895231','PLAYER','RIGHT',2,1.84,84,NULL,NULL,NULL,NULL,'48895231_LucasAbascia.jpg',1),(48895232,'Jonatan Galván','1992-06-25','DIR 48895232','PLAYER','RIGHT',32,1.8,80,NULL,NULL,NULL,NULL,'48895232_JonatanGalvan.jpg',1),(48895233,'Facundo Mansilla','1999-02-27','DIR 48895233','PLAYER','LEFT',6,1.9,90,NULL,NULL,NULL,NULL,'48895233_FacundoMansilla.jpg',1),(48895234,'Yuri Casermeiro','2002-03-12','DIR 48895234','PLAYER','AMBIDEXTROUS',17,1.9,90,NULL,NULL,NULL,NULL,'48895234_YuriCasermeiro.jpg',1),(48895235,'Juan Pablo Pignani','2001-07-02','DIR 48895235','PLAYER','RIGHT',42,1.9,90,NULL,NULL,NULL,NULL,'48895235_JuanPabloPignani.jpg',1),(48895236,'Braian Cufré','1996-12-15','DIR 48895236','PLAYER','LEFT',24,1.79,79,NULL,NULL,NULL,NULL,'48895236_BraianCufre.jpg',1),(48895237,'Gonzalo Trindade','2004-05-14','DIR 48895237','PLAYER','LEFT',14,1.74,74,NULL,NULL,NULL,NULL,'48895237_GonzaloTrindade.jpg',1),(48895238,'Leonardo Marchi','1996-09-17','DIR 48895238','PLAYER','LEFT',3,1.8,80,NULL,NULL,NULL,NULL,'48895238_LeonardoMarchi.jpg',1),(48895239,'Santiago Moyano','1997-09-23','DIR 48895239','PLAYER','RIGHT',33,1.74,74,NULL,NULL,NULL,NULL,'48895239_SantiagoMoyano.jpg',1),(48895240,'Fernando Martínez','2000-07-27','DIR 48895240','PLAYER','RIGHT',20,1.77,77,NULL,NULL,NULL,NULL,'48895240_FernandoMartinez.jpg',1),(48895241,'Iván Pillud','1986-04-24','DIR 48895241','PLAYER','RIGHT',4,1.8,80,NULL,NULL,NULL,NULL,'48895241_IvanPillud.jpg',1),(48895242,'Iván Gómez','1997-02-28','DIR 48895242','PLAYER','RIGHT',8,1.67,67,NULL,NULL,NULL,NULL,'48895242_IvanGomez.jpg',1),(48895243,'Matías Vera','1995-10-26','DIR 48895243','PLAYER','RIGHT',34,1.7,70,NULL,NULL,NULL,NULL,'48895243_MatiasVera.jpg',1),(48895244,'Cristian Vega','1993-09-17','DIR 48895244','PLAYER','RIGHT',5,1.7,70,NULL,NULL,NULL,NULL,'48895244_CristianVega.jpg',1),(48895245,'José Florentín','1996-07-05','DIR 48895245','PLAYER','LEFT',25,1.84,84,NULL,NULL,NULL,NULL,'48895245_JoseFlorentin.jpg',1),(48895246,'Fernando Juárez','1998-08-23','DIR 48895246','PLAYER','RIGHT',27,1.77,77,NULL,NULL,NULL,NULL,'48895246_FernandoJuarez.jpg',1),(48895247,'Sebastián Cristóforo','1993-08-23','DIR 48895247','PLAYER','RIGHT',15,1.75,75,NULL,NULL,NULL,NULL,'48895247_SebastianCristoforo.jpg',1),(48895248,'Leonardo Heredia','1996-01-11','DIR 48895248','PLAYER','RIGHT',12,1.87,87,NULL,NULL,NULL,NULL,'48895248_LeonardoHeredia.jpg',1),(48895249,'Matías Godoy','2002-01-10','DIR 48895249','PLAYER','RIGHT',19,1.76,76,NULL,NULL,NULL,NULL,'48895249_MatiasGodoy.jpg',1),(48895250,'Lucas Besozzi','2003-01-22','DIR 48895250','PLAYER','RIGHT',77,1.76,76,NULL,NULL,NULL,NULL,'48895250_LucasBesozzi.jpg',1),(48895251,'David Zalazar','2002-05-09','DIR 48895251','PLAYER','LEFT',18,1.77,77,NULL,NULL,NULL,NULL,'48895251_DavidZalazar.jpg',1),(48895252,'Matías Perelló','2001-11-17','DIR 48895252','PLAYER','RIGHT',11,1.7,70,NULL,NULL,NULL,NULL,'48895252_MatiasPerello.jpg',1),(48895253,'Franco Alfonso','2002-05-04','DIR 48895253','PLAYER','RIGHT',35,1.65,65,NULL,NULL,NULL,NULL,'48895253_FrancoAlfonso.jpg',1),(48895254,'Diego Barrera','2004-06-28','DIR 48895254','PLAYER','RIGHT',7,1.71,71,NULL,NULL,NULL,NULL,'48895254_DiegoBarrera.jpg',1),(48895255,'Gastón Verón','2001-04-23','DIR 48895255','PLAYER','RIGHT',10,1.84,84,NULL,NULL,NULL,NULL,'48895255_GastonVeron.jpg',1),(48895256,'Lucas Varaldo','2002-02-24','DIR 48895256','PLAYER','RIGHT',9,1.76,76,NULL,NULL,NULL,NULL,'48895256_LucasVaraldo.jpg',1),(48895257,'Nazareno Fúnez','2001-02-06','DIR 48895257','PLAYER','LEFT',45,1.87,87,NULL,NULL,NULL,NULL,'48895257_NazarenoFunez.jpg',1),(48895258,'Favio Cabral','2001-02-05','DIR 48895258','PLAYER','RIGHT',29,1.87,87,NULL,NULL,NULL,NULL,'48895258_FavioCabral.jpg',1),(48895259,'Ramón Cansinos','2002-10-23','DIR 48895259','PLAYER','AMBIDEXTROUS',51,1.72,72,NULL,NULL,NULL,NULL,'48895259_RamonCansinos.jpg',1),(48895260,'Facundo Sanguinetti','2001-03-01','DIR 48895260','PLAYER','RIGHT',1,1.85,85,NULL,NULL,NULL,NULL,'48895260_FacundoSanguinetti.jpg',1),(48895261,'Diego Romero','2001-08-17','DIR 48895261','PLAYER','RIGHT',25,1.89,89,NULL,NULL,NULL,NULL,'48895261_DiegoRomero.jpg',1),(48895262,'Joaquín Molina','2004-06-07','DIR 48895262','PLAYER','AMBIDEXTROUS',12,1.8,80,NULL,NULL,NULL,NULL,'48895262_JoaquinMolina.jpg',1),(48895263,'Joaquín Pombo','2001-03-18','DIR 48895263','PLAYER','AMBIDEXTROUS',6,1.91,91,NULL,NULL,NULL,NULL,'48895263_JoaquinPombo.jpg',1),(48895264,'Nicolás Meriano','2000-11-09','DIR 48895264','PLAYER','LEFT',26,1.9,90,NULL,NULL,NULL,NULL,'48895264_NicolasMeriano.jpg',1),(48895265,'Brandon Oviedo','2005-01-25','DIR 48895265','PLAYER','RIGHT',13,1.83,83,NULL,NULL,NULL,NULL,'48895265_BrandonOviedo.jpg',1),(48895266,'Sergio Vittor','1989-06-09','DIR 48895266','PLAYER','RIGHT',14,1.89,89,NULL,NULL,NULL,NULL,'48895266_SergioVittor.jpg',1),(48895267,'Santiago Daniele','2005-11-22','DIR 48895267','PLAYER','AMBIDEXTROUS',34,1.83,83,NULL,NULL,NULL,NULL,'48895267_SantiagoDaniele.jpg',1),(48895268,'Danilo Arboleda','1995-05-16','DIR 48895268','PLAYER','RIGHT',3,1.9,90,NULL,NULL,NULL,NULL,'48895268_DaniloArboleda.jpg',1),(48895269,'Ignacio Abraham','1998-01-12','DIR 48895269','PLAYER','LEFT',33,1.74,74,NULL,NULL,NULL,NULL,'48895269_IgnacioAbraham.jpg',1),(48895270,'Nicolás Colazo','1990-07-08','DIR 48895270','PLAYER','LEFT',19,1.78,78,NULL,NULL,NULL,NULL,'48895270_NicolasColazo.jpg',1),(48895271,'Juan Luis Alfaro','1999-10-16','DIR 48895271','PLAYER','RIGHT',44,1.77,77,NULL,NULL,NULL,NULL,'48895271_JuanLuisAlfaro.jpg',1),(48895272,'Juan Iribarren','2003-01-22','DIR 48895272','PLAYER','RIGHT',29,1.74,74,NULL,NULL,NULL,NULL,'48895272_JuanIribarren.jpg',1),(48895273,'Lautaro Ríos','2000-10-09','DIR 48895273','PLAYER','RIGHT',8,1.82,82,NULL,NULL,NULL,NULL,'48895273_LautaroRios.jpg',1),(48895274,'Martín Río','2001-03-14','DIR 48895274','PLAYER','RIGHT',5,1.8,80,NULL,NULL,NULL,NULL,'48895274_MartinRio.jpg',1),(48895275,'Santiago Esquivel','2004-01-02','DIR 48895275','PLAYER','RIGHT',35,1.75,75,NULL,NULL,NULL,NULL,'48895275_SantiagoEsquivel.jpg',1),(48895276,'Gabriel Vega','2002-04-18','DIR 48895276','PLAYER','RIGHT',27,1.86,86,NULL,NULL,NULL,NULL,'48895276_GabrielVega.jpg',1),(48895277,'Lucas Palavecino','2003-10-18','DIR 48895277','PLAYER','RIGHT',23,1.74,74,NULL,NULL,NULL,NULL,'48895277_LucasPalavecino.jpg',1),(48895278,'Santiago López García','1997-12-04','DIR 48895278','PLAYER','RIGHT',24,1.8,80,NULL,NULL,NULL,NULL,'48895278_SantiagoLopezGarcia.jpg',1),(48895279,'Tomás Adoryán','2001-09-22','DIR 48895279','PLAYER','RIGHT',20,1.77,77,NULL,NULL,NULL,NULL,'48895279_TomasAdoryan.jpg',1),(48895280,'Gonzalo Ríos','1999-01-27','DIR 48895280','PLAYER','RIGHT',10,1.72,72,NULL,NULL,NULL,NULL,'48895280_GonzaloRios.jpg',1),(48895281,'Matías González','2002-02-28','DIR 48895281','PLAYER','LEFT',21,1.74,74,NULL,NULL,NULL,NULL,'48895281_MatiasGonzalez.jpg',1),(48895282,'Lautaro Gómez','2003-08-08','DIR 48895282','PLAYER','LEFT',15,1.7,70,NULL,NULL,NULL,NULL,'48895282_LautaroGomez.jpg',1),(48895283,'Frank Castañeda','1994-07-17','DIR 48895283','PLAYER','RIGHT',7,1.72,72,NULL,NULL,NULL,NULL,'48895283_FrankCastaneda.jpg',1),(48895284,'Lisandro Piñero','2007-07-15','DIR 48895284','PLAYER','RIGHT',31,1.69,69,NULL,NULL,NULL,NULL,'48895284_LisandroPinero.jpg',1),(48895285,'Agustín Obando','2000-03-11','DIR 48895285','PLAYER','LEFT',32,1.76,76,NULL,NULL,NULL,NULL,'48895285_AgustinObando.jpg',1),(48895286,'Agustín Alaniz','2002-05-16','DIR 48895286','PLAYER','RIGHT',11,1.82,82,NULL,NULL,NULL,NULL,'48895286_AgustinAlaniz.jpg',1),(48895287,'Rodrigo Auzmendi','2001-01-02','DIR 48895287','PLAYER','RIGHT',22,1.91,91,NULL,NULL,NULL,NULL,'48895287_RodrigoAuzmendi.jpg',1),(48895288,'Mauro Méndez','1999-01-17','DIR 48895288','PLAYER','RIGHT',16,1.76,76,NULL,NULL,NULL,NULL,'48895288_MauroMendez.jpg',1),(48895289,'Tomás Nasif','2004-01-02','DIR 48895289','PLAYER','AMBIDEXTROUS',30,1.85,85,NULL,NULL,NULL,NULL,'48895289_TomasNasif.jpg',1),(48895290,'Bruno Sepúlveda','1992-09-17','DIR 48895290','PLAYER','RIGHT',9,1.88,88,NULL,NULL,NULL,NULL,'48895290_BrunoSepulveda.jpg',1),(48895291,'Julio Furch','1989-07-29','DIR 48895291','PLAYER','RIGHT',18,1.88,88,NULL,NULL,NULL,NULL,'48895291_JulioFurch.jpg',1),(48895292,'Marcos Arturia','1998-02-08','DIR 48895292','PLAYER','RIGHT',28,1.78,78,NULL,NULL,NULL,NULL,'48895292_MarcosArturia.jpg',1),(48895293,'Nelson Insfrán','1995-05-24','DIR 48895293','PLAYER','RIGHT',23,1.79,79,NULL,NULL,NULL,NULL,'48895293_NelsonInsfran.jpg',1),(48895294,'Luis Ingolotti','2000-01-14','DIR 48895294','PLAYER','RIGHT',1,1.85,85,NULL,NULL,NULL,NULL,'48895294_LuisIngolotti.jpg',1),(48895295,'Renzo Giampaoli','2000-01-07','DIR 48895295','PLAYER','RIGHT',4,1.87,87,NULL,NULL,NULL,NULL,'48895295_RenzoGiampaoli.jpg',1),(48895296,'Enzo Martínez','1998-04-29','DIR 48895296','PLAYER','LEFT',21,1.84,84,NULL,NULL,NULL,NULL,'48895296_EnzoMartinez.jpg',1),(48895297,'Gastón Suso','1991-03-12','DIR 48895297','PLAYER','LEFT',6,1.9,90,NULL,NULL,NULL,NULL,'48895297_GastonSuso.jpg',1),(48895298,'Juan Villalba','2006-03-15','DIR 48895298','PLAYER','LEFT',33,1.73,73,NULL,NULL,NULL,NULL,'48895298_JuanVillalba.jpg',1),(48895299,'Germán Conti','1994-06-03','DIR 48895299','PLAYER','RIGHT',13,1.93,93,NULL,NULL,NULL,NULL,'48895299_GermanConti.jpg',1),(48895300,'Diego Mastrángelo','2002-11-07','DIR 48895300','PLAYER','AMBIDEXTROUS',3,1.76,76,NULL,NULL,NULL,NULL,'48895300_DiegoMastrangelo.jpg',1),(48895301,'Juan Cortazzo','2005-10-18','DIR 48895301','PLAYER','AMBIDEXTROUS',35,1.91,91,NULL,NULL,NULL,NULL,'48895301_JuanCortazzo.jpg',1),(48895302,'Pedro Silva Torrejón','1997-01-25','DIR 48895302','PLAYER','LEFT',14,1.8,80,NULL,NULL,NULL,NULL,'48895302_PedroSilvaTorrejon.jpg',1),(48895303,'Matías Melluso','1998-06-09','DIR 48895303','PLAYER','LEFT',22,1.7,70,NULL,NULL,NULL,NULL,'48895303_MatiasMelluso.jpg',1),(48895304,'Juan Pintado','1997-07-28','DIR 48895304','PLAYER','RIGHT',15,1.72,72,NULL,NULL,NULL,NULL,'48895304_JuanPintado.jpg',1),(48895305,'Fabricio Corbalán','2003-09-29','DIR 48895305','PLAYER','RIGHT',2,1.7,70,NULL,NULL,NULL,NULL,'48895305_FabricioCorbalan.jpg',1),(48895306,'Mateo Seoane','2004-02-09','DIR 48895306','PLAYER','RIGHT',18,1.78,78,NULL,NULL,NULL,NULL,'48895306_MateoSeoane.jpg',1),(48895307,'Facundo Di Biasi','2005-06-22','DIR 48895307','PLAYER','RIGHT',5,1.75,75,NULL,NULL,NULL,NULL,'48895307_FacundoDiBiasi.jpg',1),(48895308,'Nicolás Garayalde','1999-07-21','DIR 48895308','PLAYER','RIGHT',36,1.84,84,NULL,NULL,NULL,NULL,'48895308_NicolasGarayalde.jpg',1),(48895309,'Juan Yangali','2000-03-03','DIR 48895309','PLAYER','LEFT',25,1.68,68,NULL,NULL,NULL,NULL,'48895309_JuanYangali.jpg',1),(48895310,'Augusto Max','1992-08-10','DIR 48895310','PLAYER','RIGHT',16,1.68,68,NULL,NULL,NULL,NULL,'48895310_AugustoMax.jpg',1),(48895311,'Lucas Castro','1989-04-09','DIR 48895311','PLAYER','RIGHT',19,1.82,82,NULL,NULL,NULL,NULL,'48895311_LucasCastro.jpg',1),(48895312,'Juan Pérez','2004-07-25','DIR 48895312','PLAYER','LEFT',20,1.69,69,NULL,NULL,NULL,NULL,'48895312_JuanPerez.jpg',1),(48895313,'Leandro Mamut','2003-12-31','DIR 48895313','PLAYER','RIGHT',34,1.78,78,NULL,NULL,NULL,NULL,'48895313_LeandroMamut.jpg',1),(48895314,'Alejandro Piedrahita','2002-09-03','DIR 48895314','PLAYER','LEFT',7,1.82,82,NULL,NULL,NULL,NULL,'48895314_AlejandroPiedrahita.jpg',1),(48895315,'Jeremías Merlo','2006-06-20','DIR 48895315','PLAYER','RIGHT',24,1.7,70,NULL,NULL,NULL,NULL,'48895315_JeremiasMerlo.jpg',1),(48895316,'Bautista Merlini','1995-07-04','DIR 48895316','PLAYER','RIGHT',8,1.79,79,NULL,NULL,NULL,NULL,'48895316_BautistaMerlini.jpg',1),(48895317,'Alan Sosa','2003-05-05','DIR 48895317','PLAYER','AMBIDEXTROUS',10,1.8,80,NULL,NULL,NULL,NULL,'48895317_AlanSosa.jpg',1),(48895318,'Maximiliano Zalazar','2001-03-08','DIR 48895318','PLAYER','RIGHT',43,1.75,75,NULL,NULL,NULL,NULL,'48895318_MaximilianoZalazar.jpg',1),(48895319,'Manuel Panaro','2002-12-28','DIR 48895319','PLAYER','RIGHT',38,1.81,81,NULL,NULL,NULL,NULL,'48895319_ManuelPanaro.jpg',1),(48895320,'Franco Torres','1999-05-25','DIR 48895320','PLAYER','RIGHT',26,1.7,70,NULL,NULL,NULL,NULL,'48895320_FrancoTorres.jpg',1),(48895321,'Norberto Briasco','1996-02-29','DIR 48895321','PLAYER','AMBIDEXTROUS',11,1.86,86,NULL,NULL,NULL,NULL,'48895321_NorbertoBriasco.jpg',1),(48895322,'Marcelo Torres','1997-11-06','DIR 48895322','PLAYER','RIGHT',32,1.8,80,NULL,NULL,NULL,NULL,'48895322_MarceloTorres.jpg',1),(48895323,'Sebastián Lomónaco','1998-09-17','DIR 48895323','PLAYER','RIGHT',31,1.8,80,NULL,NULL,NULL,NULL,'48895323_SebastianLomonaco.jpg',1),(48895324,'Ivo Mammini','2003-04-15','DIR 48895324','PLAYER','RIGHT',29,1.78,78,NULL,NULL,NULL,NULL,'48895324_IvoMammini.jpg',1),(48895325,'Jan Hurtado','2000-03-05','DIR 48895325','PLAYER','RIGHT',9,1.83,83,NULL,NULL,NULL,NULL,'48895325_JanHurtado.jpg',1),(48895326,'Matías Mansilla','1996-01-15','DIR 48895326','PLAYER','RIGHT',1,1.92,92,NULL,NULL,NULL,NULL,'48895326_MatiasMansilla.jpg',1),(48895327,'Juan González','1993-07-10','DIR 48895327','PLAYER','RIGHT',12,1.85,85,NULL,NULL,NULL,NULL,'48895327_JuanGonzalez.jpg',1),(48895328,'Patricio Albornoz','2000-04-04','DIR 48895328','PLAYER','RIGHT',31,1.93,93,NULL,NULL,NULL,NULL,'48895328_PatricioAlbornoz.jpg',1),(48895329,'Clever Ferreira','2003-02-20','DIR 48895329','PLAYER','RIGHT',20,1.85,85,NULL,NULL,NULL,NULL,'48895329_CleverFerreira.jpg',1),(48895330,'Miguel Brizuela','1997-01-05','DIR 48895330','PLAYER','LEFT',33,1.82,82,NULL,NULL,NULL,NULL,'48895330_MiguelBrizuela.jpg',1),(48895331,'Gianluca Ferrari','1997-06-30','DIR 48895331','PLAYER','RIGHT',6,1.81,81,NULL,NULL,NULL,NULL,'48895331_GianlucaFerrari.jpg',1),(48895332,'Fausto Grillo','1993-02-20','DIR 48895332','PLAYER','LEFT',14,1.83,83,NULL,NULL,NULL,NULL,'48895332_FaustoGrillo.jpg',1),(48895333,'Marcelo Ortiz','1994-01-13','DIR 48895333','PLAYER','RIGHT',13,1.86,86,NULL,NULL,NULL,NULL,'48895333_MarceloOrtiz.jpg',1),(48895334,'Juan Infante','1996-01-07','DIR 48895334','PLAYER','LEFT',32,1.77,77,NULL,NULL,NULL,NULL,'48895334_JuanInfante.jpg',1),(48895335,'Ignacio Galván','2002-09-06','DIR 48895335','PLAYER','LEFT',21,1.81,81,NULL,NULL,NULL,NULL,'48895335_IgnacioGalvan.jpg',1),(48895336,'Maximiliano Villa','1997-03-03','DIR 48895336','PLAYER','RIGHT',3,1.84,84,NULL,NULL,NULL,NULL,'48895336_MaximilianoVilla.jpg',1),(48895337,'Moisés Brandán','2000-08-26','DIR 48895337','PLAYER','RIGHT',16,1.82,82,NULL,NULL,NULL,NULL,'48895337_MoisesBrandan.jpg',1),(48895338,'Damián Martínez','1990-01-31','DIR 48895338','PLAYER','RIGHT',4,1.77,77,NULL,NULL,NULL,NULL,'48895338_DamianMartinez.jpg',1),(48895339,'Kevin Ortiz','2000-09-18','DIR 48895339','PLAYER','RIGHT',45,1.7,70,NULL,NULL,NULL,NULL,'48895339_KevinOrtiz.jpg',1),(48895340,'Adrián Sánchez','1999-05-14','DIR 48895340','PLAYER','RIGHT',5,1.77,77,NULL,NULL,NULL,NULL,'48895340_AdrianSanchez.jpg',1),(48895341,'Kevin López','2001-12-28','DIR 48895341','PLAYER','RIGHT',30,1.7,70,NULL,NULL,NULL,NULL,'48895341_KevinLopez.jpg',1),(48895342,'Guillermo Acosta','1988-07-01','DIR 48895342','PLAYER','RIGHT',8,1.68,68,NULL,NULL,NULL,NULL,'48895342_GuillermoAcosta.jpg',1),(48895343,'Ezequiel Godoy','2003-10-09','DIR 48895343','PLAYER','LEFT',37,1.72,72,NULL,NULL,NULL,NULL,'48895343_EzequielGodoy.jpg',1),(48895344,'Renzo Tesuri','1996-06-07','DIR 48895344','PLAYER','RIGHT',18,1.7,70,NULL,NULL,NULL,NULL,'48895344_RenzoTesuri.jpg',1),(48895345,'Lautaro Godoy','2003-03-15','DIR 48895345','PLAYER','RIGHT',24,1.69,69,NULL,NULL,NULL,NULL,'48895345_LautaroGodoy.jpg',1),(48895346,'Franco Nicola','2002-04-18','DIR 48895346','PLAYER','LEFT',10,1.78,78,NULL,NULL,NULL,NULL,'48895346_FrancoNicola.jpg',1),(48895347,'Nicolás Laméndola','1998-12-12','DIR 48895347','PLAYER','RIGHT',23,1.78,78,NULL,NULL,NULL,NULL,'48895347_NicolasLamendola.jpg',1),(48895348,'Lucas Román','2004-02-10','DIR 48895348','PLAYER','LEFT',34,1.6,60,NULL,NULL,NULL,NULL,'48895348_LucasRoman.jpg',1),(48895349,'Carlos Auzqui','1991-03-16','DIR 48895349','PLAYER','RIGHT',28,1.8,80,NULL,NULL,NULL,NULL,'48895349_CarlosAuzqui.jpg',1),(48895350,'Mateo Bajamich','1999-08-03','DIR 48895350','PLAYER','RIGHT',9,1.78,78,NULL,NULL,NULL,NULL,'48895350_MateoBajamich.jpg',1),(48895351,'Ramiro Ruiz Rodríguez','2000-03-21','DIR 48895351','PLAYER','RIGHT',22,1.85,85,NULL,NULL,NULL,NULL,'48895351_RamiroRuizRodriguez.jpg',1),(48895352,'Leandro Díaz','1992-06-06','DIR 48895352','PLAYER','RIGHT',27,1.84,84,NULL,NULL,NULL,NULL,'48895352_LeandroDiaz.jpg',1),(48895353,'Lisandro Cabrera','1998-01-04','DIR 48895353','PLAYER','RIGHT',29,1.82,82,NULL,NULL,NULL,NULL,'48895353_LisandroCabrera.jpg',1),(48895354,'Lucas Acosta','1995-03-12','DIR 48895354','PLAYER','RIGHT',42,1.87,87,NULL,NULL,NULL,NULL,'48895441_LucasAcosta.jpg',1),(48895355,'José Devecchi','1995-07-09','DIR 48895355','PLAYER','RIGHT',32,1.89,89,NULL,NULL,NULL,NULL,'48895355_JoseDevecchi.jpg',1),(48895356,'Thyago Ayala','2001-09-07','DIR 48895356','PLAYER','RIGHT',12,1.88,88,NULL,NULL,NULL,NULL,'48895356_ThyagoAyala.jpg',1),(48895357,'Renzo Orihuela','2001-04-04','DIR 48895357','PLAYER','RIGHT',44,1.84,84,NULL,NULL,NULL,NULL,'48895357_RenzoOrihuela.jpg',1),(48895358,'Santiago Morales','2001-08-27','DIR 48895358','PLAYER','LEFT',36,1.89,89,NULL,NULL,NULL,NULL,'48895358_SantiagoMorales.jpg',1),(48895359,'Juan Manuel Insaurralde','1984-10-03','DIR 48895359','PLAYER','LEFT',2,1.87,87,NULL,NULL,NULL,NULL,'48895359_JuanManuelInsaurralde.jpg',1),(48895360,'Facundo Roncaglia','1987-02-10','DIR 48895360','PLAYER','RIGHT',14,1.79,79,NULL,NULL,NULL,NULL,'48895360_FacundoRoncaglia.jpg',1),(48895361,'Agustín Seyral','2005-01-31','DIR 48895361','PLAYER','RIGHT',34,1.88,88,NULL,NULL,NULL,NULL,'48895361_AgustinSeyral.jpg',1),(48895362,'Gabriel Díaz','2000-04-19','DIR 48895362','PLAYER','LEFT',33,1.75,75,NULL,NULL,NULL,NULL,'48895362_GabrielDiaz.jpg',1),(48895363,'Joel Godoy','2005-02-20','DIR 48895363','PLAYER','LEFT',39,1.85,85,NULL,NULL,NULL,NULL,'48895363_JoelGodoy.jpg',1),(48895364,'Alex Vigo','1999-04-28','DIR 48895364','PLAYER','RIGHT',21,1.75,75,NULL,NULL,NULL,NULL,'48895364_AlexVigo.jpg',1),(48895365,'Jeremías Vallejos','2003-04-14','DIR 48895365','PLAYER','AMBIDEXTROUS',17,1.75,75,NULL,NULL,NULL,NULL,'48895365_JeremiasVallejos.jpg',1),(48895366,'Manuel García','1999-06-11','DIR 48895366','PLAYER','RIGHT',5,1.8,80,NULL,NULL,NULL,NULL,'48895366_ManuelGarcia.jpg',1),(48895367,'Elián Giménez','2004-03-23','DIR 48895367','PLAYER','RIGHT',23,1.75,75,NULL,NULL,NULL,NULL,'48895367_ElianGimenez.jpg',1),(48895368,'Carlos Villalba','1998-07-19','DIR 48895368','PLAYER','RIGHT',25,1.75,75,NULL,NULL,NULL,NULL,'48895368_CarlosVillalba.jpg',1),(48895369,'Juan Andrada','1995-01-04','DIR 48895369','PLAYER','RIGHT',6,1.89,89,NULL,NULL,NULL,NULL,'48895369_JuanAndrada.jpg',1),(48895370,'Tomás Guiacobini','2004-05-19','DIR 48895370','PLAYER','LEFT',31,1.78,78,NULL,NULL,NULL,NULL,'48895370_TomasGuiacobini.jpg',1),(48895371,'Federico Paradela','2001-07-03','DIR 48895371','PLAYER','RIGHT',8,1.76,76,NULL,NULL,NULL,NULL,'48895371_FedericoParadela.jpg',1),(48895372,'Jonatan Gómez','1989-12-21','DIR 48895372','PLAYER','RIGHT',29,1.71,71,NULL,NULL,NULL,NULL,'48895372_JonatanGomez.jpg',1),(48895373,'Gastón González','2001-06-27','DIR 48895373','PLAYER','LEFT',22,1.83,83,NULL,NULL,NULL,NULL,'48895373_GastonGonzalez.jpg',1),(48895374,'Yair Arismendi','1998-04-05','DIR 48895374','PLAYER','LEFT',26,1.75,75,NULL,NULL,NULL,NULL,'48895374_YairArismendi.jpg',1),(48895375,'Leandro Suhr','1997-09-24','DIR 48895375','PLAYER','RIGHT',15,1.76,76,NULL,NULL,NULL,NULL,'48895375_LeandroSuhr.jpg',1),(48895376,'Julián Contrera','2003-05-10','DIR 48895376','PLAYER','RIGHT',19,1.67,67,NULL,NULL,NULL,NULL,'48895376_JulianContrera.jpg',1),(48895377,'Jhon Rentería','2005-10-24','DIR 48895377','PLAYER','LEFT',30,1.8,80,NULL,NULL,NULL,NULL,'48895377_JhonRenteria.jpg',1),(48895378,'Santiago Rodríguez','1997-08-23','DIR 48895378','PLAYER','LEFT',11,1.71,71,NULL,NULL,NULL,NULL,'48895378_SantiagoRodriguez.jpg',1),(48895379,'Joaquín Ardaiz','1999-01-11','DIR 48895379','PLAYER','LEFT',9,1.86,86,NULL,NULL,NULL,NULL,'48895379_JoaquinArdaiz.jpg',1),(48895380,'Franco Frías','2002-03-17','DIR 48895380','PLAYER','RIGHT',20,1.74,74,NULL,NULL,NULL,NULL,'48895380_FrancoFrias.jpg',1),(48895381,'Iván Morales','1999-07-29','DIR 48895381','PLAYER','RIGHT',18,1.8,80,NULL,NULL,NULL,NULL,'48895381_IvanMorales.jpg',1),(48895382,'Pablo Magnin','1990-04-25','DIR 48895382','PLAYER','RIGHT',7,1.76,76,NULL,NULL,NULL,NULL,'48895382_PabloMagnin.jpg',1),(48895383,'Lucas Pratto','1988-06-04','DIR 48895383','PLAYER','RIGHT',12,1.86,86,NULL,NULL,NULL,NULL,'48895383_LucasPratto.jpg',1),(48895384,'Agustín Molina','2006-07-09','DIR 48895384','PLAYER','RIGHT',24,1.85,85,NULL,NULL,NULL,NULL,'48895384_AgustinMolina.jpg',1),(48895385,'Brandon Márquez','2005-02-22','DIR 48895385','PLAYER','RIGHT',40,1.84,84,NULL,NULL,NULL,NULL,'48895385_BrandonMarquez.jpg',1),(48895386,'Sebastián Moyano','1990-08-26','DIR 48895386','PLAYER','RIGHT',17,1.88,88,NULL,NULL,NULL,NULL,'48895386_SebastianMoyano.jpg',1),(48895387,'Jorge Carranza','1981-05-07','DIR 48895387','PLAYER','RIGHT',1,1.85,85,NULL,NULL,NULL,NULL,'48895387_JorgeCarranza.jpg',1),(48895388,'Nahuel González','2004-07-06','DIR 48895388','PLAYER','RIGHT',41,1.87,87,NULL,NULL,NULL,NULL,'48895388_NahuelGonzalez.jpg',1),(48895389,'Gonzalo Mottes','1998-01-07','DIR 48895389','PLAYER','LEFT',6,1.92,92,NULL,NULL,NULL,NULL,'48895389_GonzaloMottes.jpg',1),(48895390,'Néstor Breitenbruch','1995-09-13','DIR 48895390','PLAYER','RIGHT',25,1.83,83,NULL,NULL,NULL,NULL,'48895390_NestorBreitenbruch.jpg',1),(48895391,'Yonathan Cabral','1992-05-10','DIR 48895391','PLAYER','RIGHT',20,1.88,88,NULL,NULL,NULL,NULL,'48895391_YonathanCabral.jpg',1),(48895392,'Santiago Laquidaín','2001-07-28','DIR 48895392','PLAYER','LEFT',15,1.84,84,NULL,NULL,NULL,NULL,'48895392_SantiagoLaquidain.jpg',1),(48895393,'Santiago Moya','2003-06-13','DIR 48895393','PLAYER','RIGHT',55,1.87,87,NULL,NULL,NULL,NULL,'48895393_SantiagoMoya.jpg',1),(48895394,'Tomás Kummer','2004-11-10','DIR 48895394','PLAYER','RIGHT',2,1.86,86,NULL,NULL,NULL,NULL,'48895394_TomasKummer.jpg',1),(48895395,'Ignacio Guerrico','1998-07-09','DIR 48895395','PLAYER','LEFT',3,1.75,75,NULL,NULL,NULL,NULL,'48895395_IgnacioGuerrico.jpg',1),(48895396,'Fernando Román','1998-11-20','DIR 48895396','PLAYER','LEFT',28,1.86,86,NULL,NULL,NULL,NULL,'48895396_FernandoRoman.jpg',1),(48895397,'Gabriel Paredes','2003-12-12','DIR 48895397','PLAYER','LEFT',23,1.73,73,NULL,NULL,NULL,NULL,'48895397_GabrielParedes.jpg',1),(48895398,'Rodrigo González','2000-04-14','DIR 48895398','PLAYER','RIGHT',4,1.75,75,NULL,NULL,NULL,NULL,'48895398_RodrigoGonzalez.jpg',1),(48895399,'Giuliano Cerato','1998-06-10','DIR 48895399','PLAYER','RIGHT',44,1.7,70,NULL,NULL,NULL,NULL,'48895399_GiulianoCerato.jpg',1),(48895400,'Marcelo Esponda','2003-01-14','DIR 48895400','PLAYER','RIGHT',29,1.79,79,NULL,NULL,NULL,NULL,'48895400_MarceloEsponda.jpg',1),(48895401,'Roberto Bochi','1987-07-06','DIR 48895401','PLAYER','RIGHT',5,1.75,75,NULL,NULL,NULL,NULL,'48895401_RobertoBochi.jpg',1),(48895402,'Tobías Leiva','2004-02-09','DIR 48895402','PLAYER','RIGHT',21,1.83,83,NULL,NULL,NULL,NULL,'48895402_TobiasLeiva.jpg',1),(48895403,'Federico Gino','1993-02-26','DIR 48895403','PLAYER','RIGHT',27,1.76,76,NULL,NULL,NULL,NULL,'48895403_FedericoGino.jpg',1),(48895404,'Martín García','2005-08-06','DIR 48895404','PLAYER','RIGHT',51,1.82,82,NULL,NULL,NULL,NULL,'48895404_MartinGarcia.jpg',1),(48895405,'Tiago Serrago','2004-02-05','DIR 48895405','PLAYER','RIGHT',8,1.75,75,NULL,NULL,NULL,NULL,'48895405_TiagoSerrago.jpg',1),(48895406,'Justo Giani','1999-04-07','DIR 48895406','PLAYER','RIGHT',40,1.8,80,NULL,NULL,NULL,NULL,'48895406_JustoGiani.jpg',1),(48895407,'Lautaro Chávez','2001-01-17','DIR 48895407','PLAYER','RIGHT',80,1.75,75,NULL,NULL,NULL,NULL,'48895407_LautaroChavez.jpg',1),(48895408,'Lucio Falasco','2004-02-19','DIR 48895408','PLAYER','RIGHT',30,1.75,75,NULL,NULL,NULL,NULL,'48895408_LucioFalasco.jpg',1),(48895409,'Ayrton Preciado','1994-07-17','DIR 48895409','PLAYER','RIGHT',18,1.81,81,NULL,NULL,NULL,NULL,'48895409_AyrtonPreciado.jpg',1),(48895410,'Agustín Palavecino','2003-03-09','DIR 48895410','PLAYER','RIGHT',11,1.85,85,NULL,NULL,NULL,NULL,'48895410_AgustinPalavecino.jpg',1),(48895411,'Matías García','1991-10-22','DIR 48895411','PLAYER','LEFT',10,1.74,74,NULL,NULL,NULL,NULL,'48895411_MatiasGarcia.jpg',1),(48895412,'Natanael Guzmán','1999-08-11','DIR 48895412','PLAYER','RIGHT',7,1.71,71,NULL,NULL,NULL,NULL,'48895412_NatanaelGuzman.jpg',1),(48895413,'Emiliano Rodríguez','2003-07-16','DIR 48895413','PLAYER','LEFT',9,1.8,80,NULL,NULL,NULL,NULL,'48895413_EmilianoRodriguez.jpg',1),(48895414,'Tobías Cervera','2002-08-06','DIR 48895414','PLAYER','RIGHT',33,1.82,82,NULL,NULL,NULL,NULL,'48895414_TobiasCervera.jpg',1),(48895415,'Franco Rami','2003-03-31','DIR 48895415','PLAYER','RIGHT',19,1.92,92,NULL,NULL,NULL,NULL,'48895415_FrancoRami.jpg',1),(48895416,'Facundo De La Vega','2003-04-15','DIR 48895416','PLAYER','RIGHT',22,1.91,91,NULL,NULL,NULL,NULL,'48895416_FacundoDeLaVega.jpg',1),(48895417,'Alejandro Villarreal','2005-07-28','DIR 48895417','PLAYER','AMBIDEXTROUS',24,1.86,86,NULL,NULL,NULL,NULL,'48895417_AlejandroVillarreal.jpg',1),(48895418,'Matías Borgogno','1998-08-21','DIR 48895418','PLAYER','RIGHT',1,1.88,88,NULL,NULL,NULL,NULL,'48895418_MatiasBorgogno.jpg',1),(48895419,'Maximiliano Velazco','1995-03-08','DIR 48895419','PLAYER','RIGHT',13,1.84,84,NULL,NULL,NULL,NULL,'48895419_MaximilianoVelazco.jpg',1),(48895420,'Federico Bonansea','1998-03-13','DIR 48895420','PLAYER','RIGHT',12,1.87,87,NULL,NULL,NULL,NULL,'48895420_FedericoBonansea.jpg',1),(48895421,'Rodrigo Cáseres','1997-08-29','DIR 48895421','PLAYER','RIGHT',2,1.93,93,NULL,NULL,NULL,NULL,'48895421_RodrigoCaseres.jpg',1),(48895422,'Luciano Recalde','1995-08-12','DIR 48895422','PLAYER','LEFT',6,1.85,85,NULL,NULL,NULL,NULL,'48895422_LucianoRecalde.jpg',1),(48895423,'Esteban Burgos','1992-01-09','DIR 48895423','PLAYER','RIGHT',20,1.91,91,NULL,NULL,NULL,NULL,'48895423_EstebanBurgos.jpg',1),(48895424,'Julián Marchio','2000-10-14','DIR 48895424','PLAYER','LEFT',26,1.86,86,NULL,NULL,NULL,NULL,'48895424_JulianMarchio.jpg',1),(48895425,'Tomás Lecanda','2002-01-29','DIR 48895425','PLAYER','RIGHT',29,1.81,81,NULL,NULL,NULL,NULL,'48895425_TomasLecanda.jpg',1),(48895426,'Lucas Diarte','1993-06-04','DIR 48895426','PLAYER','LEFT',30,1.75,75,NULL,NULL,NULL,NULL,'48895426_LucasDiarte.jpg',1),(48895427,'Matías Orihuela','1992-02-17','DIR 48895427','PLAYER','LEFT',39,1.77,77,NULL,NULL,NULL,NULL,'48895427_MatiasOrihuela.jpg',1),(48895428,'Gonzalo Lucero','2003-11-29','DIR 48895428','PLAYER','LEFT',31,1.7,70,NULL,NULL,NULL,NULL,'48895428_GonzaloLucero.jpg',1),(48895429,'Ayrton Portillo','2000-08-18','DIR 48895429','PLAYER','RIGHT',16,1.82,82,NULL,NULL,NULL,NULL,'48895429_AyrtonPortillo.jpg',1),(48895430,'Alejandro Molina','1997-08-10','DIR 48895430','PLAYER','RIGHT',4,1.68,68,NULL,NULL,NULL,NULL,'48895430_AlejandroMolina.jpg',1),(48895431,'Nicolás Watson','1998-05-22','DIR 48895431','PLAYER','RIGHT',21,1.75,75,NULL,NULL,NULL,NULL,'48895431_NicolasWatson.jpg',1),(48895432,'Nicolás Pelaitay','1992-12-27','DIR 48895432','PLAYER','RIGHT',5,1.68,68,NULL,NULL,NULL,NULL,'48895432_NicolasPelaitay.jpg',1),(48895433,'Diego González','1988-02-09','DIR 48895433','PLAYER','RIGHT',49,1.8,80,NULL,NULL,NULL,NULL,'48895433_DiegoGonzalez.jpg',1),(48895434,'Sebastián Jaurena','1999-07-22','DIR 48895434','PLAYER','RIGHT',22,1.75,75,NULL,NULL,NULL,NULL,'48895434_SebastianJaurena.jpg',1),(48895435,'Tomás Escalante','1999-07-02','DIR 48895435','PLAYER','RIGHT',19,1.71,71,NULL,NULL,NULL,NULL,'48895435_TomasEscalante.jpg',1),(48895436,'Santiago Salle','2004-06-04','DIR 48895436','PLAYER','RIGHT',18,1.85,85,NULL,NULL,NULL,NULL,'48895436_SantiagoSalle.jpg',1),(48895437,'Dante Álvarez','1996-03-25','DIR 48895437','PLAYER','LEFT',3,1.66,66,NULL,NULL,NULL,NULL,'48895437_DanteAlvarez.jpg',1),(48895438,'Marco Iacobellis','1999-12-27','DIR 48895438','PLAYER','AMBIDEXTROUS',28,1.72,72,NULL,NULL,NULL,NULL,'48895438_MarcoIacobellis.jpg',1),(48895439,'Sebastián González','1992-03-04','DIR 48895439','PLAYER','RIGHT',10,1.66,66,NULL,NULL,NULL,NULL,'48895439_SebastianGonzalez.jpg',1),(48895440,'Juan Cavallaro','1994-06-28','DIR 48895440','PLAYER','RIGHT',15,1.71,71,NULL,NULL,NULL,NULL,'48895440_JuanCavallaro.jpg',1),(48895441,'Lucas Acosta','2005-04-19','DIR 48895441','PLAYER','LEFT',17,1.79,79,NULL,NULL,NULL,NULL,'48895441_LucasAcosta.jpg',1),(48895442,'Pablo García','1999-04-15','DIR 48895442','PLAYER','RIGHT',14,1.78,78,NULL,NULL,NULL,NULL,'48895442_PabloGarcia.jpg',1),(48895443,'Horacio Tijanovich','1996-02-28','DIR 48895443','PLAYER','RIGHT',8,1.73,73,NULL,NULL,NULL,NULL,'48895443_HoracioTijanovich.jpg',1),(48895444,'Jonathan Menéndez','1994-03-05','DIR 48895444','PLAYER','RIGHT',37,1.64,64,NULL,NULL,NULL,NULL,'48895444_JonathanMenendez.jpg',1),(48895445,'Tomás Fernández','1998-02-11','DIR 48895445','PLAYER','RIGHT',27,1.76,76,NULL,NULL,NULL,NULL,'48895445_TomasFernandez.jpg',1),(48895446,'Ignacio Maestro Puch','2003-08-13','DIR 48895446','PLAYER','RIGHT',11,1.76,76,NULL,NULL,NULL,NULL,'48895446_IgnacioMaestroPuch.jpg',1),(48895447,'Federico Anselmo','1994-06-11','DIR 48895447','PLAYER','RIGHT',32,1.86,86,NULL,NULL,NULL,NULL,'48895447_FedericoAnselmo.jpg',1),(48895448,'Franco Toloza','1994-05-09','DIR 48895448','PLAYER','RIGHT',25,1.8,80,NULL,NULL,NULL,NULL,'48895448_FrancoToloza.jpg',1),(48895449,'Federico González','1987-01-06','DIR 48895449','PLAYER','RIGHT',9,1.78,78,NULL,NULL,NULL,NULL,'48895449_FedericoGonzalez.jpg',1),(48895450,'Ignacio Arce','1992-02-08','DIR 48895450','PLAYER','RIGHT',1,1.85,85,NULL,NULL,NULL,NULL,'48895450_IgnacioArce.jpg',1),(48895451,'Nahuel Manganelli','2001-02-19','DIR 48895451','PLAYER','AMBIDEXTROUS',12,1.84,84,NULL,NULL,NULL,NULL,'48895451_NahuelManganelli.jpg',1),(48895452,'Jaime Barceló','1999-10-06','DIR 48895452','PLAYER','RIGHT',39,1.88,88,NULL,NULL,NULL,NULL,'48895452_JaimeBarcelo.jpg',1),(48895453,'Miguel Barbieri','1993-08-24','DIR 48895453','PLAYER','RIGHT',6,1.81,81,NULL,NULL,NULL,NULL,'48895453_MiguelBarbieri.jpg',1),(48895454,'Facundo Miño','1999-10-16','DIR 48895454','PLAYER','RIGHT',24,1.85,85,NULL,NULL,NULL,NULL,'48895454_FacundoMino.jpg',1),(48895455,'Nicolás Caro Torres','1995-05-04','DIR 48895455','PLAYER','LEFT',3,1.92,92,NULL,NULL,NULL,NULL,'48895455_NicolasCaroTorres.jpg',1),(48895456,'Cristian Paz','1995-04-24','DIR 48895456','PLAYER','RIGHT',22,1.86,86,NULL,NULL,NULL,NULL,'48895456_CristianPaz.jpg',1),(48895457,'Juan Randazzo','1994-10-11','DIR 48895457','PLAYER','RIGHT',19,1.84,84,NULL,NULL,NULL,NULL,'48895457_JuanRandazzo.jpg',1),(48895458,'Eric Tovo','1992-03-06','DIR 48895458','PLAYER','RIGHT',2,1.9,90,NULL,NULL,NULL,NULL,'48895458_EricTovo.jpg',1),(48895459,'Yeison Murillo','1993-11-15','DIR 48895459','PLAYER','RIGHT',4,1.93,93,NULL,NULL,NULL,NULL,'48895459_YeisonMurillo.jpg',1),(48895460,'Pedro Ramírez','2000-04-04','DIR 48895460','PLAYER','RIGHT',5,1.75,75,NULL,NULL,NULL,NULL,'48895460_PedroRamirez.jpg',1),(48895461,'Rodrigo Gallo','2000-11-04','DIR 48895461','PLAYER','LEFT',13,1.78,78,NULL,NULL,NULL,NULL,'48895461_RodrigoGallo.jpg',1),(48895462,'Rodrigo Sayavedra','1995-07-21','DIR 48895462','PLAYER','RIGHT',28,1.75,75,NULL,NULL,NULL,NULL,'48895462_RodrigoSayavedra.jpg',1),(48895463,'Yonatan Goitía','1994-02-08','DIR 48895463','PLAYER','RIGHT',27,1.75,75,NULL,NULL,NULL,NULL,'48895463_YonatanGoitia.jpg',1),(48895464,'Nicolás Sansotre','1993-09-08','DIR 48895464','PLAYER','RIGHT',15,1.82,82,NULL,NULL,NULL,NULL,'48895464_NicolasSansotre.jpg',1),(48895465,'Mariano Bracamonte','1999-04-24','DIR 48895465','PLAYER','RIGHT',36,1.77,77,NULL,NULL,NULL,NULL,'48895465_MarianoBracamonte.jpg',1),(48895466,'Pablo Monje','1997-02-06','DIR 48895466','PLAYER','AMBIDEXTROUS',14,1.72,72,NULL,NULL,NULL,NULL,'48895466_PabloMonje.jpg',1),(48895467,'Milton Céliz','1992-07-25','DIR 48895467','PLAYER','RIGHT',8,1.83,83,NULL,NULL,NULL,NULL,'48895467_MiltonCeliz.jpg',1),(48895468,'Mateo Ramírez','1995-01-18','DIR 48895468','PLAYER','RIGHT',23,1.86,86,NULL,NULL,NULL,NULL,'48895468_MateoRamirez.jpg',1),(48895469,'Ariel Muñoz','2000-07-21','DIR 48895469','PLAYER','LEFT',25,1.75,75,NULL,NULL,NULL,NULL,'48895469_ArielMunoz.jpg',1),(48895470,'Leonardo Landriel','1996-07-14','DIR 48895470','PLAYER','LEFT',30,1.7,70,NULL,NULL,NULL,NULL,'48895470_LeonardoLandriel.jpg',1),(48895471,'Nehuén Montoya','1998-02-11','DIR 48895471','PLAYER','RIGHT',29,1.69,69,NULL,NULL,NULL,NULL,'48895471_NehuenMontoya.jpg',1),(48895472,'Mauro Smarra','1999-04-30','DIR 48895472','PLAYER','LEFT',31,1.66,66,NULL,NULL,NULL,NULL,'48895472_MauroSmarra.jpg',1),(48895473,'Ángel Stringa','1996-04-06','DIR 48895473','PLAYER','RIGHT',35,1.8,80,NULL,NULL,NULL,NULL,'48895473_AngelStringa.jpg',1),(48895474,'Gabriel Obredor','1997-01-06','DIR 48895474','PLAYER','RIGHT',40,1.93,93,NULL,NULL,NULL,NULL,'48895474_GabrielObredor.jpg',1),(48895475,'Braian Guille','1997-07-31','DIR 48895475','PLAYER','LEFT',18,1.7,70,NULL,NULL,NULL,NULL,'48895475_BraianGuille.jpg',1),(48895476,'Santiago Vera','1998-12-12','DIR 48895476','PLAYER','RIGHT',10,1.7,70,NULL,NULL,NULL,NULL,'48895476_SantiagoVera.jpg',1),(48895477,'Nicolás Benegas','1996-03-01','DIR 48895477','PLAYER','RIGHT',32,1.86,86,NULL,NULL,NULL,NULL,'48895477_NicolasBenegas.jpg',1),(48895478,'Antony Alonso','1998-05-11','DIR 48895478','PLAYER','LEFT',7,1.9,90,NULL,NULL,NULL,NULL,'48895478_AntonyAlonso.jpg',1),(48895479,'Alexander Díaz','2000-03-22','DIR 48895479','PLAYER','LEFT',20,1.72,72,NULL,NULL,NULL,NULL,'48895479_AlexanderDiaz.jpg',1),(48895480,'Jonathan Herrera','1991-09-16','DIR 48895480','PLAYER','LEFT',9,1.75,75,NULL,NULL,NULL,NULL,'48895480_JonathanHerrera.jpg',1),(48895481,'Ramón González','2002-03-30','DIR 48895481','PLAYER','LEFT',75,1.8,80,NULL,NULL,NULL,NULL,'48895481_RamonGonzalez.jpg',1),(48895482,'Franco Fagúndez','1998-12-14','DIR 48895482','PLAYER','LEFT',26,1.82,82,NULL,NULL,NULL,NULL,'48895482_FrancoFagundez.jpg',1);
/*!40000 ALTER TABLE `person` ENABLE KEYS */;
UNLOCK TABLES;

--
-- Table structure for table `player_position`
--

DROP TABLE IF EXISTS `player_position`;
/*!40101 SET @saved_cs_client     = @@character_set_client */;
/*!50503 SET character_set_client = utf8mb4 */;
CREATE TABLE `player_position` (
  `id_player` int unsigned NOT NULL,
  `id_position` int NOT NULL,
  `is_primary` tinyint DEFAULT NULL,
  PRIMARY KEY (`id_player`,`id_position`),
  KEY `fk_position_idx` (`id_position`),
  CONSTRAINT `fk_player` FOREIGN KEY (`id_player`) REFERENCES `person` (`id`),
  CONSTRAINT `fk_position` FOREIGN KEY (`id_position`) REFERENCES `position` (`id`)
) ENGINE=InnoDB DEFAULT CHARSET=utf8mb4 COLLATE=utf8mb4_0900_ai_ci;
/*!40101 SET character_set_client = @saved_cs_client */;

--
-- Dumping data for table `player_position`
--

LOCK TABLES `player_position` WRITE;
/*!40000 ALTER TABLE `player_position` DISABLE KEYS */;
INSERT INTO `player_position` VALUES (33333333,3,0),(33333333,8,0),(33333333,11,1),(33333333,13,0),(42840150,4,1),(42840150,8,0),(42840150,11,0),(43399550,4,0),(43399550,7,0),(43399550,8,1),(45656433,4,0),(45656433,5,0),(45656433,6,0),(45656433,10,0),(45656433,14,1),(45656433,15,0),(48894558,12,1),(48894559,12,1),(48894561,9,0),(48894561,11,1),(48894562,9,0),(48894562,10,0),(48894562,11,1),(48894577,4,1),(48895294,12,1);
/*!40000 ALTER TABLE `player_position` ENABLE KEYS */;
UNLOCK TABLES;

--
-- Table structure for table `position`
--

DROP TABLE IF EXISTS `position`;
/*!40101 SET @saved_cs_client     = @@character_set_client */;
/*!50503 SET character_set_client = utf8mb4 */;
CREATE TABLE `position` (
  `id` int NOT NULL AUTO_INCREMENT,
  `description` varchar(45) NOT NULL,
  `abbreviation` varchar(5) NOT NULL,
  PRIMARY KEY (`id`),
  UNIQUE KEY `description_UNIQUE` (`description`),
  UNIQUE KEY `abbreviation_UNIQUE` (`abbreviation`)
) ENGINE=InnoDB AUTO_INCREMENT=20 DEFAULT CHARSET=utf8mb4 COLLATE=utf8mb4_0900_ai_ci;
/*!40101 SET character_set_client = @saved_cs_client */;

--
-- Dumping data for table `position`
--

LOCK TABLES `position` WRITE;
/*!40000 ALTER TABLE `position` DISABLE KEYS */;
INSERT INTO `position` VALUES (3,'Delantero Centro','DC'),(4,'Mediocampista Ofensivo','MCO'),(5,'Extremo Izquierdo','EI'),(6,'Extremo Derecho','ED'),(7,'Mediocampista Central','MC'),(8,'Mediocampista Defensivo','MCD'),(9,'Lateral Izquierdo','LI'),(10,'Lateral Derecho','LD'),(11,'Defensor Central','DFC'),(12,'Arquero','POR'),(13,'Mediapunta','MP'),(14,'Mediocampista Derecho','MD'),(15,'Mediocampista Izquierdo','MI'),(18,'Segundo Delantero Izquierdo','SDI'),(19,'Segundo Delantero Derecho','SDD');
/*!40000 ALTER TABLE `position` ENABLE KEYS */;
UNLOCK TABLES;

--
-- Table structure for table `stadium`
--

DROP TABLE IF EXISTS `stadium`;
/*!40101 SET @saved_cs_client     = @@character_set_client */;
/*!50503 SET character_set_client = utf8mb4 */;
CREATE TABLE `stadium` (
  `id` int NOT NULL AUTO_INCREMENT,
  `name` varchar(45) NOT NULL,
  `capacity` int NOT NULL,
  PRIMARY KEY (`id`),
  UNIQUE KEY `name_UNIQUE` (`name`)
) ENGINE=InnoDB AUTO_INCREMENT=127 DEFAULT CHARSET=utf8mb4 COLLATE=utf8mb4_0900_ai_ci;
/*!40101 SET character_set_client = @saved_cs_client */;

--
-- Dumping data for table `stadium`
--

LOCK TABLES `stadium` WRITE;
/*!40000 ALTER TABLE `stadium` DISABLE KEYS */;
INSERT INTO `stadium` VALUES (2,'La Bombonera',57200),(3,'Monumental',85018),(6,'Gigante de Arroyito',51000),(7,'Coloso Marcelo Bielsa',42000),(8,'Monumental Antonio Vespucio Liberti',72054),(9,'Alberto J. Armando',59000),(10,'José Amalfitani',49540),(11,'Nuevo Gasómetro',43995),(12,'Ciudad de Lanús',47027),(13,'Ciudad de La Plata',53000),(14,'Marcelo Bielsa',42000),(15,'Centenario',25000),(16,'Julio Humberto Grondona',16300),(99,'José María Minella',35180),(100,'Diego Armando Maradona',24000),(101,'Monumental José Fierro',35200),(102,'Florencio Sola',34900),(103,'Claudio Chiqui Tapia',16300),(104,'Julio César Villagra',38500),(105,'Único Madre de Ciudades',30000),(106,'Norberto Tomaghello',20000),(107,'Guillermo Laza',8000),(108,'Jorge Luis Hirschi',32530),(109,'Juan Carmelo Zerillo',30973),(110,'Feliciano Gambarte',21000),(111,'Tomás Adolfo Ducó',48314),(112,'Libertadores de América',49592),(113,'Bautista Gargantini',24000),(114,'Ciudad de Vicente López',34530),(115,'Presidente Juan Domingo Perón',55880),(116,'Pedro Bidegain',47964),(117,'Ingeniero Hilario Sánchez',21500),(118,'Eva Perón',23156),(119,'Mario Alberto Kempes',57000),(120,'José Dellagiovanna',26282),(121,'15 de Abril',30000),(123,'Abel Sastre',23000),(124,'Islas Malvinas',21500),(125,'Presbítero Bartolomé Grella',22000);
/*!40000 ALTER TABLE `stadium` ENABLE KEYS */;
UNLOCK TABLES;

--
-- Table structure for table `tournament`
--

DROP TABLE IF EXISTS `tournament`;
/*!40101 SET @saved_cs_client     = @@character_set_client */;
/*!50503 SET character_set_client = utf8mb4 */;
CREATE TABLE `tournament` (
  `id` int NOT NULL AUTO_INCREMENT,
  `name` varchar(255) NOT NULL,
  `start_date` date NOT NULL,
  `end_date` date NOT NULL,
  `format` varchar(100) NOT NULL,
  `season` varchar(50) NOT NULL,
  `id_association` int DEFAULT NULL,
  PRIMARY KEY (`id`),
  KEY `fk_tournament_association` (`id_association`),
  KEY `idx_tournament_name` (`name`),
  KEY `idx_tournament_dates` (`start_date`,`end_date`),
  KEY `idx_tournament_season` (`season`),
  CONSTRAINT `fk_tournament_association` FOREIGN KEY (`id_association`) REFERENCES `association` (`id`) ON DELETE RESTRICT ON UPDATE CASCADE
) ENGINE=InnoDB AUTO_INCREMENT=15 DEFAULT CHARSET=utf8mb4 COLLATE=utf8mb4_0900_ai_ci;
/*!40101 SET character_set_client = @saved_cs_client */;

--
-- Dumping data for table `tournament`
--

LOCK TABLES `tournament` WRITE;
/*!40000 ALTER TABLE `tournament` DISABLE KEYS */;
INSERT INTO `tournament` VALUES (14,'Liga Profesional de Futbol','2025-12-05','2026-07-19','1','2026',1);
/*!40000 ALTER TABLE `tournament` ENABLE KEYS */;
UNLOCK TABLES;
/*!40103 SET TIME_ZONE=@OLD_TIME_ZONE */;

/*!40101 SET SQL_MODE=@OLD_SQL_MODE */;
/*!40014 SET FOREIGN_KEY_CHECKS=@OLD_FOREIGN_KEY_CHECKS */;
/*!40014 SET UNIQUE_CHECKS=@OLD_UNIQUE_CHECKS */;
/*!40101 SET CHARACTER_SET_CLIENT=@OLD_CHARACTER_SET_CLIENT */;
/*!40101 SET CHARACTER_SET_RESULTS=@OLD_CHARACTER_SET_RESULTS */;
/*!40101 SET COLLATION_CONNECTION=@OLD_COLLATION_CONNECTION */;
/*!40111 SET SQL_NOTES=@OLD_SQL_NOTES */;

-- Dump completed on 2025-11-27  2:05:03
